Temperature (C),Apparent Temperature (C),Humidity,Wind Speed (km/h),Wind Bearing (degrees),Visibility (km),Loud Cover	,Pressure (millibars),day,month,year,hour,minute,second,Precip Type_snow
31.35 ,29.00 ,0.13 ,0.00 ,0 ,16.00 ,0.03 ,940.61,25,8,2023,12,3,42,0 
31.35 ,29.00 ,0.13 ,0.00 ,0 ,16.00 ,0.03 ,940.61,25,8,2023,12,3,44,0 
31.35 ,29.00 ,0.13 ,0.00 ,0 ,16.00 ,0.03 ,940.61,25,8,2023,12,3,44,0 
31.34 ,29.00 ,0.13 ,0.00 ,0 ,16.00 ,0.03 ,940.61,25,8,2023,12,3,44,0 
31.35 ,29.00 ,0.13 ,0.00 ,0 ,16.00 ,0.03 ,940.59,25,8,2023,12,3,44,0 
31.35 ,29.00 ,0.13 ,0.00 ,0 ,16.00 ,0.03 ,940.59,25,8,2023,12,3,44,0 
31.35 ,29.00 ,0.13 ,0.00 ,0 ,16.00 ,0.03 ,940.62,25,8,2023,12,3,44,0 
31.35 ,29.00 ,0.13 ,0.00 ,0 ,16.00 ,0.03 ,940.62,25,8,2023,12,3,44,0 
31.35 ,29.00 ,0.13 ,0.00 ,0 ,16.00 ,0.03 ,940.62,25,8,2023,12,3,44,0 
31.35 ,29.00 ,0.13 ,0.00 ,0 ,16.00 ,0.03 ,940.62,25,8,2023,12,3,44,0 
31.36 ,29.00 ,0.13 ,0.00 ,0 ,16.00 ,0.03 ,940.63,25,8,2023,12,3,44,0 
31.36 ,29.00 ,0.13 ,0.00 ,0 ,16.00 ,0.03 ,940.63,25,8,2023,12,3,44,0 
31.36 ,29.00 ,0.13 ,0.00 ,0 ,16.00 ,0.03 ,940.63,25,8,2023,12,3,44,0 
31.35 ,29.00 ,0.13 ,0.00 ,0 ,16.00 ,0.03 ,940.58,25,8,2023,12,3,45,0 
31.35 ,29.00 ,0.13 ,0.00 ,0 ,16.00 ,0.03 ,940.58,25,8,2023,12,3,45,0 
31.35 ,29.00 ,0.13 ,0.00 ,0 ,16.00 ,0.03 ,940.56,25,8,2023,12,3,45,0 
31.35 ,29.00 ,0.13 ,0.00 ,0 ,16.00 ,0.03 ,940.61,25,8,2023,12,3,45,0 
31.35 ,29.00 ,0.13 ,0.00 ,0 ,16.00 ,0.03 ,940.61,25,8,2023,12,3,45,0 
31.36 ,29.00 ,0.13 ,0.00 ,0 ,16.00 ,0.03 ,940.62,25,8,2023,12,3,45,0 
31.36 ,29.00 ,0.13 ,0.00 ,0 ,16.00 ,0.03 ,940.62,25,8,2023,12,3,45,0 
31.36 ,29.00 ,0.13 ,0.00 ,0 ,16.00 ,0.03 ,940.60,25,8,2023,12,3,45,0 
31.36 ,29.00 ,0.13 ,0.00 ,0 ,16.00 ,0.03 ,940.62,25,8,2023,12,3,45,0 
31.36 ,29.00 ,0.13 ,0.00 ,0 ,16.00 ,0.03 ,940.62,25,8,2023,12,3,45,0 
31.35 ,29.00 ,0.13 ,0.00 ,0 ,16.00 ,0.03 ,940.60,25,8,2023,12,3,45,0 
31.35 ,29.00 ,0.13 ,0.00 ,0 ,16.00 ,0.03 ,940.60,25,8,2023,12,3,45,0 
31.35 ,29.00 ,0.13 ,0.00 ,0 ,16.00 ,0.03 ,940.60,25,8,2023,12,3,45,0 
31.35 ,29.00 ,0.13 ,0.00 ,0 ,16.00 ,0.03 ,940.60,25,8,2023,12,3,45,0 
31.36 ,29.00 ,0.13 ,0.00 ,0 ,16.00 ,0.03 ,940.61,25,8,2023,12,3,45,0 
31.36 ,29.00 ,0.13 ,0.00 ,0 ,16.00 ,0.03 ,940.63,25,8,2023,12,3,45,0 
31.36 ,29.00 ,0.13 ,0.00 ,0 ,16.00 ,0.03 ,940.63,25,8,2023,12,3,45,0 
31.35 ,29.00 ,0.13 ,0.00 ,0 ,16.00 ,0.03 ,940.60,25,8,2023,12,3,45,0 
31.35 ,29.00 ,0.13 ,0.00 ,0 ,16.00 ,0.03 ,940.60,25,8,2023,12,3,46,0 
31.36 ,29.00 ,0.13 ,0.00 ,0 ,16.00 ,0.03 ,940.60,25,8,2023,12,3,46,0 
31.36 ,29.00 ,0.13 ,0.00 ,0 ,16.00 ,0.03 ,940.59,25,8,2023,12,3,46,0 
31.36 ,29.00 ,0.13 ,0.00 ,0 ,16.00 ,0.03 ,940.59,25,8,2023,12,3,46,0 
31.36 ,29.00 ,0.13 ,0.00 ,0 ,16.00 ,0.03 ,940.59,25,8,2023,12,3,46,0 
31.36 ,29.00 ,0.13 ,0.00 ,0 ,16.00 ,0.03 ,940.59,25,8,2023,12,3,46,0 
31.36 ,29.00 ,0.13 ,0.00 ,0 ,16.00 ,0.03 ,940.60,25,8,2023,12,3,46,0 
31.36 ,29.00 ,0.13 ,0.00 ,0 ,16.00 ,0.03 ,940.61,25,8,2023,12,3,46,0 
31.36 ,29.00 ,0.13 ,0.00 ,0 ,16.00 ,0.03 ,940.61,25,8,2023,12,3,46,0 
31.36 ,29.00 ,0.13 ,0.00 ,0 ,16.00 ,0.03 ,940.62,25,8,2023,12,3,46,0 
31.36 ,29.00 ,0.13 ,0.00 ,0 ,16.00 ,0.03 ,940.62,25,8,2023,12,3,46,0 
31.36 ,29.00 ,0.13 ,0.00 ,0 ,16.00 ,0.03 ,940.61,25,8,2023,12,3,46,0 
31.36 ,29.00 ,0.13 ,0.00 ,0 ,16.00 ,0.03 ,940.61,25,8,2023,12,3,46,0 
31.36 ,29.00 ,0.13 ,0.00 ,0 ,16.00 ,0.03 ,940.61,25,8,2023,12,3,46,0 
31.36 ,29.00 ,0.13 ,0.00 ,0 ,16.00 ,0.03 ,940.59,25,8,2023,12,3,46,0 
31.36 ,29.00 ,0.13 ,0.00 ,0 ,16.00 ,0.03 ,940.59,25,8,2023,12,3,46,0 
31.36 ,29.00 ,0.13 ,0.00 ,0 ,16.00 ,0.03 ,940.63,25,8,2023,12,3,46,0 
31.36 ,29.00 ,0.13 ,0.00 ,0 ,16.00 ,0.03 ,940.63,25,8,2023,12,3,47,0 
31.36 ,29.00 ,0.13 ,0.00 ,0 ,16.00 ,0.03 ,940.59,25,8,2023,12,3,47,0 
31.36 ,29.00 ,0.13 ,0.00 ,0 ,16.00 ,0.03 ,940.60,25,8,2023,12,3,47,0 
31.36 ,29.00 ,0.13 ,0.00 ,0 ,16.00 ,0.03 ,940.60,25,8,2023,12,3,47,0 
31.36 ,29.00 ,0.13 ,0.00 ,0 ,16.00 ,0.03 ,940.60,25,8,2023,12,3,47,0 
31.36 ,29.00 ,0.13 ,0.00 ,0 ,16.00 ,0.03 ,940.60,25,8,2023,12,3,47,0 
31.36 ,29.00 ,0.13 ,0.00 ,0 ,16.00 ,0.03 ,940.61,25,8,2023,12,3,47,0 
31.36 ,29.00 ,0.13 ,0.00 ,0 ,16.00 ,0.03 ,940.61,25,8,2023,12,3,47,0 
31.36 ,29.00 ,0.13 ,0.00 ,0 ,16.00 ,0.03 ,940.63,25,8,2023,12,3,47,0 
31.36 ,29.00 ,0.13 ,0.00 ,0 ,16.00 ,0.03 ,940.59,25,8,2023,12,3,47,0 
31.36 ,29.00 ,0.13 ,0.00 ,0 ,16.00 ,0.03 ,940.59,25,8,2023,12,3,47,0 
31.36 ,29.00 ,0.13 ,0.00 ,0 ,16.00 ,0.03 ,940.64,25,8,2023,12,3,47,0 
31.36 ,29.00 ,0.13 ,0.00 ,0 ,16.00 ,0.03 ,940.64,25,8,2023,12,3,47,0 
31.36 ,29.00 ,0.13 ,0.00 ,0 ,16.00 ,0.03 ,940.61,25,8,2023,12,3,47,0 
31.36 ,29.00 ,0.13 ,0.00 ,0 ,16.00 ,0.03 ,940.62,25,8,2023,12,3,47,0 
31.36 ,29.00 ,0.13 ,0.00 ,0 ,16.00 ,0.03 ,940.62,25,8,2023,12,3,47,0 
31.36 ,29.00 ,0.13 ,0.00 ,0 ,16.00 ,0.03 ,940.64,25,8,2023,12,3,47,0 
31.36 ,29.00 ,0.13 ,0.00 ,0 ,16.00 ,0.03 ,940.64,25,8,2023,12,3,48,0 
31.36 ,29.00 ,0.13 ,0.00 ,0 ,16.00 ,0.03 ,940.61,25,8,2023,12,3,48,0 
31.36 ,29.00 ,0.13 ,0.00 ,0 ,16.00 ,0.03 ,940.63,25,8,2023,12,3,48,0 
31.36 ,29.00 ,0.13 ,0.00 ,0 ,16.00 ,0.03 ,940.63,25,8,2023,12,3,48,0 
31.36 ,29.00 ,0.13 ,0.00 ,0 ,16.00 ,0.03 ,940.63,25,8,2023,12,3,48,0 
31.36 ,29.00 ,0.13 ,0.00 ,0 ,16.00 ,0.03 ,940.63,25,8,2023,12,3,48,0 
31.36 ,29.00 ,0.13 ,0.00 ,0 ,16.00 ,0.03 ,940.63,25,8,2023,12,3,48,0 
31.36 ,29.00 ,0.13 ,0.00 ,0 ,16.00 ,0.03 ,940.63,25,8,2023,12,3,48,0 
31.37 ,29.00 ,0.13 ,0.00 ,0 ,16.00 ,0.03 ,940.62,25,8,2023,12,3,48,0 
31.36 ,29.00 ,0.13 ,0.00 ,0 ,16.00 ,0.03 ,940.62,25,8,2023,12,3,48,0 
31.36 ,29.00 ,0.13 ,0.00 ,0 ,16.00 ,0.03 ,940.62,25,8,2023,12,3,48,0 
31.36 ,29.00 ,0.13 ,0.00 ,0 ,16.00 ,0.03 ,940.63,25,8,2023,12,3,48,0 
31.36 ,29.00 ,0.13 ,0.00 ,0 ,16.00 ,0.03 ,940.63,25,8,2023,12,3,48,0 
31.36 ,29.00 ,0.13 ,0.00 ,0 ,16.00 ,0.03 ,940.64,25,8,2023,12,3,48,0 
31.36 ,29.00 ,0.13 ,0.00 ,0 ,16.00 ,0.03 ,940.64,25,8,2023,12,3,48,0 
31.36 ,29.00 ,0.13 ,0.00 ,0 ,16.00 ,0.03 ,940.64,25,8,2023,12,3,48,0 
31.36 ,29.00 ,0.13 ,0.00 ,0 ,16.00 ,0.03 ,940.61,25,8,2023,12,3,48,0 
31.36 ,29.00 ,0.13 ,0.00 ,0 ,16.00 ,0.03 ,940.61,25,8,2023,12,3,48,0 
31.36 ,29.00 ,0.13 ,0.00 ,0 ,16.00 ,0.03 ,940.66,25,8,2023,12,3,49,0 
31.36 ,29.00 ,0.13 ,0.00 ,0 ,16.00 ,0.03 ,940.66,25,8,2023,12,3,49,0 
31.36 ,29.00 ,0.13 ,0.00 ,0 ,16.00 ,0.03 ,940.63,25,8,2023,12,3,49,0 
31.37 ,29.00 ,0.13 ,0.00 ,0 ,16.00 ,0.03 ,940.64,25,8,2023,12,3,49,0 
31.37 ,29.00 ,0.13 ,0.00 ,0 ,16.00 ,0.03 ,940.64,25,8,2023,12,3,49,0 
31.36 ,29.00 ,0.13 ,0.00 ,0 ,16.00 ,0.03 ,940.63,25,8,2023,12,3,49,0 
31.36 ,29.00 ,0.13 ,0.00 ,0 ,16.00 ,0.03 ,940.63,25,8,2023,12,3,49,0 
31.36 ,29.00 ,0.13 ,0.00 ,0 ,16.00 ,0.03 ,940.64,25,8,2023,12,3,49,0 
31.37 ,29.00 ,0.13 ,0.00 ,0 ,16.00 ,0.03 ,940.64,25,8,2023,12,3,49,0 
31.37 ,29.00 ,0.13 ,0.00 ,0 ,16.00 ,0.03 ,940.64,25,8,2023,12,3,49,0 
31.36 ,29.00 ,0.13 ,0.00 ,0 ,16.00 ,0.03 ,940.64,25,8,2023,12,3,49,0 
31.36 ,29.00 ,0.13 ,0.00 ,0 ,16.00 ,0.03 ,940.64,25,8,2023,12,3,49,0 
31.36 ,29.00 ,0.13 ,0.00 ,0 ,16.00 ,0.03 ,940.62,25,8,2023,12,3,49,0 
31.36 ,29.00 ,0.13 ,0.00 ,0 ,16.00 ,0.03 ,940.62,25,8,2023,12,3,49,0 
31.36 ,29.00 ,0.13 ,0.00 ,0 ,16.00 ,0.03 ,940.62,25,8,2023,12,3,49,0 
31.36 ,29.00 ,0.13 ,0.00 ,0 ,16.00 ,0.03 ,940.60,25,8,2023,12,3,49,0 
31.36 ,29.00 ,0.13 ,0.00 ,0 ,16.00 ,0.03 ,940.60,25,8,2023,12,3,49,0 
31.36 ,29.00 ,0.13 ,0.00 ,0 ,16.00 ,0.03 ,940.63,25,8,2023,12,3,50,0 
31.36 ,29.00 ,0.13 ,0.00 ,0 ,16.00 ,0.03 ,940.63,25,8,2023,12,3,50,0 
31.36 ,29.00 ,0.13 ,0.00 ,0 ,16.00 ,0.03 ,940.62,25,8,2023,12,3,50,0 
31.36 ,29.00 ,0.13 ,0.00 ,0 ,16.00 ,0.03 ,940.62,25,8,2023,12,3,50,0 
31.36 ,29.00 ,0.13 ,0.00 ,0 ,16.00 ,0.03 ,940.62,25,8,2023,12,3,50,0 
31.36 ,29.00 ,0.13 ,0.00 ,0 ,16.00 ,0.03 ,940.64,25,8,2023,12,3,50,0 
31.36 ,29.00 ,0.13 ,0.00 ,0 ,16.00 ,0.03 ,940.64,25,8,2023,12,3,50,0 
31.36 ,29.00 ,0.13 ,0.00 ,0 ,16.00 ,0.03 ,940.64,25,8,2023,12,3,50,0 
31.36 ,29.00 ,0.13 ,0.00 ,0 ,16.00 ,0.03 ,940.63,25,8,2023,12,3,50,0 
31.36 ,29.00 ,0.13 ,0.00 ,0 ,16.00 ,0.03 ,940.63,25,8,2023,12,3,50,0 
31.36 ,29.00 ,0.13 ,0.00 ,0 ,16.00 ,0.03 ,940.65,25,8,2023,12,3,50,0 
31.36 ,29.00 ,0.13 ,0.00 ,0 ,16.00 ,0.03 ,940.65,25,8,2023,12,3,50,0 
31.36 ,29.00 ,0.13 ,0.00 ,0 ,16.00 ,0.03 ,940.62,25,8,2023,12,3,50,0 
31.36 ,29.00 ,0.13 ,0.00 ,0 ,16.00 ,0.03 ,940.65,25,8,2023,12,3,50,0 
31.36 ,29.00 ,0.13 ,0.00 ,0 ,16.00 ,0.03 ,940.65,25,8,2023,12,3,50,0 
31.36 ,29.00 ,0.13 ,0.00 ,0 ,16.00 ,0.03 ,940.63,25,8,2023,12,3,50,0 
31.36 ,29.00 ,0.13 ,0.00 ,0 ,16.00 ,0.03 ,940.63,25,8,2023,12,3,50,0 
31.36 ,29.00 ,0.13 ,0.00 ,0 ,16.00 ,0.03 ,940.63,25,8,2023,12,3,50,0 
31.36 ,29.00 ,0.13 ,0.00 ,0 ,16.00 ,0.03 ,940.63,25,8,2023,12,3,51,0 
31.36 ,29.00 ,0.13 ,0.00 ,0 ,16.00 ,0.03 ,940.63,25,8,2023,12,3,51,0 
31.36 ,29.00 ,0.13 ,0.00 ,0 ,16.00 ,0.03 ,940.60,25,8,2023,12,3,51,0 
31.36 ,29.00 ,0.13 ,0.00 ,0 ,16.00 ,0.03 ,940.60,25,8,2023,12,3,51,0 
31.36 ,29.00 ,0.13 ,0.00 ,0 ,16.00 ,0.03 ,940.62,25,8,2023,12,3,51,0 
31.36 ,29.00 ,0.13 ,0.00 ,0 ,16.00 ,0.03 ,940.62,25,8,2023,12,3,51,0 
31.35 ,29.00 ,0.13 ,0.00 ,0 ,16.00 ,0.03 ,940.59,25,8,2023,12,3,51,0 
31.36 ,29.00 ,0.13 ,0.00 ,0 ,16.00 ,0.03 ,940.62,25,8,2023,12,3,51,0 
31.36 ,29.00 ,0.13 ,0.00 ,0 ,16.00 ,0.03 ,940.62,25,8,2023,12,3,51,0 
31.36 ,29.00 ,0.13 ,0.00 ,0 ,16.00 ,0.03 ,940.61,25,8,2023,12,3,51,0 
31.36 ,29.00 ,0.13 ,0.00 ,0 ,16.00 ,0.03 ,940.61,25,8,2023,12,3,51,0 
31.36 ,29.00 ,0.13 ,0.00 ,0 ,16.00 ,0.03 ,940.59,25,8,2023,12,3,51,0 
31.36 ,29.00 ,0.13 ,0.00 ,0 ,16.00 ,0.03 ,940.59,25,8,2023,12,3,51,0 
31.35 ,29.00 ,0.13 ,0.00 ,0 ,16.00 ,0.03 ,940.60,25,8,2023,12,3,51,0 
31.36 ,29.00 ,0.13 ,0.00 ,0 ,16.00 ,0.03 ,940.63,25,8,2023,12,3,51,0 
31.36 ,29.00 ,0.13 ,0.00 ,0 ,16.00 ,0.03 ,940.63,25,8,2023,12,3,51,0 
31.36 ,29.00 ,0.13 ,0.00 ,0 ,16.00 ,0.03 ,940.62,25,8,2023,12,3,51,0 
31.36 ,29.00 ,0.13 ,0.00 ,0 ,16.00 ,0.03 ,940.62,25,8,2023,12,3,52,0 
31.36 ,29.00 ,0.13 ,0.00 ,0 ,16.00 ,0.03 ,940.62,25,8,2023,12,3,52,0 
31.36 ,29.00 ,0.13 ,0.00 ,0 ,16.00 ,0.03 ,940.63,25,8,2023,12,3,52,0 
31.36 ,29.00 ,0.13 ,0.00 ,0 ,16.00 ,0.03 ,940.63,25,8,2023,12,3,52,0 
31.36 ,29.00 ,0.13 ,0.00 ,0 ,16.00 ,0.03 ,940.59,25,8,2023,12,3,52,0 
31.36 ,29.00 ,0.13 ,0.00 ,0 ,16.00 ,0.03 ,940.59,25,8,2023,12,3,52,0 
31.36 ,29.00 ,0.13 ,0.00 ,0 ,16.00 ,0.03 ,940.60,25,8,2023,12,3,52,0 
31.36 ,29.00 ,0.13 ,0.00 ,0 ,16.00 ,0.03 ,940.61,25,8,2023,12,3,52,0 
31.36 ,29.00 ,0.13 ,0.00 ,0 ,16.00 ,0.03 ,940.61,25,8,2023,12,3,52,0 
31.35 ,29.00 ,0.13 ,0.00 ,0 ,16.00 ,0.03 ,940.60,25,8,2023,12,3,52,0 
31.35 ,29.00 ,0.13 ,0.00 ,0 ,16.00 ,0.03 ,940.60,25,8,2023,12,3,52,0 
31.36 ,29.00 ,0.13 ,0.00 ,0 ,16.00 ,0.03 ,940.62,25,8,2023,12,3,52,0 
31.36 ,29.00 ,0.13 ,0.00 ,0 ,16.00 ,0.03 ,940.62,25,8,2023,12,3,52,0 
31.36 ,29.00 ,0.13 ,0.00 ,0 ,16.00 ,0.03 ,940.61,25,8,2023,12,3,52,0 
31.36 ,29.00 ,0.13 ,0.00 ,0 ,16.00 ,0.03 ,940.59,25,8,2023,12,3,52,0 
31.36 ,29.00 ,0.13 ,0.00 ,0 ,16.00 ,0.03 ,940.59,25,8,2023,12,3,52,0 
31.36 ,29.00 ,0.13 ,0.00 ,0 ,16.00 ,0.03 ,940.62,25,8,2023,12,3,52,0 
31.36 ,29.00 ,0.13 ,0.00 ,0 ,16.00 ,0.03 ,940.62,25,8,2023,12,3,53,0 
31.36 ,29.00 ,0.13 ,0.00 ,0 ,16.00 ,0.03 ,940.59,25,8,2023,12,3,53,0 
31.36 ,29.00 ,0.13 ,0.00 ,0 ,16.00 ,0.03 ,940.60,25,8,2023,12,3,53,0 
31.36 ,29.00 ,0.13 ,0.00 ,0 ,16.00 ,0.03 ,940.60,25,8,2023,12,3,53,0 
31.36 ,29.00 ,0.13 ,0.00 ,0 ,16.00 ,0.03 ,940.62,25,8,2023,12,3,53,0 
31.36 ,29.00 ,0.13 ,0.00 ,0 ,16.00 ,0.03 ,940.62,25,8,2023,12,3,53,0 
31.36 ,29.00 ,0.13 ,0.00 ,0 ,16.00 ,0.03 ,940.62,25,8,2023,12,3,53,0 
31.36 ,29.00 ,0.13 ,0.00 ,0 ,16.00 ,0.03 ,940.62,25,8,2023,12,3,53,0 
31.36 ,29.00 ,0.13 ,0.00 ,0 ,16.00 ,0.03 ,940.60,25,8,2023,12,3,53,0 
31.36 ,29.00 ,0.13 ,0.00 ,0 ,16.00 ,0.03 ,940.60,25,8,2023,12,3,53,0 
31.36 ,29.00 ,0.13 ,0.00 ,0 ,16.00 ,0.03 ,940.60,25,8,2023,12,3,53,0 
31.36 ,29.00 ,0.13 ,0.00 ,0 ,16.00 ,0.03 ,940.59,25,8,2023,12,3,53,0 
31.36 ,29.00 ,0.13 ,0.00 ,0 ,16.00 ,0.03 ,940.59,25,8,2023,12,3,53,0 
31.36 ,29.00 ,0.13 ,0.00 ,0 ,16.00 ,0.03 ,940.59,25,8,2023,12,3,53,0 
31.36 ,29.00 ,0.13 ,0.00 ,0 ,16.00 ,0.03 ,940.60,25,8,2023,12,3,53,0 
31.36 ,29.00 ,0.13 ,0.00 ,0 ,16.00 ,0.03 ,940.60,25,8,2023,12,3,53,0 
31.36 ,29.00 ,0.13 ,0.00 ,0 ,16.00 ,0.03 ,940.60,25,8,2023,12,3,53,0 
31.36 ,29.00 ,0.13 ,0.00 ,0 ,16.00 ,0.03 ,940.60,25,8,2023,12,3,53,0 
31.36 ,29.00 ,0.13 ,0.00 ,0 ,16.00 ,0.03 ,940.58,25,8,2023,12,3,54,0 
31.36 ,29.00 ,0.13 ,0.00 ,0 ,16.00 ,0.03 ,940.62,25,8,2023,12,3,54,0 
31.36 ,29.00 ,0.13 ,0.00 ,0 ,16.00 ,0.03 ,940.62,25,8,2023,12,3,54,0 
31.36 ,29.00 ,0.13 ,0.00 ,0 ,16.00 ,0.03 ,940.63,25,8,2023,12,3,54,0 
31.36 ,29.00 ,0.13 ,0.00 ,0 ,16.00 ,0.03 ,940.63,25,8,2023,12,3,54,0 
31.36 ,29.00 ,0.13 ,0.00 ,0 ,16.00 ,0.03 ,940.63,25,8,2023,12,3,54,0 
31.36 ,29.00 ,0.13 ,0.00 ,0 ,16.00 ,0.03 ,940.63,25,8,2023,12,3,54,0 
31.36 ,29.00 ,0.13 ,0.00 ,0 ,16.00 ,0.03 ,940.60,25,8,2023,12,3,54,0 
31.36 ,29.00 ,0.13 ,0.00 ,0 ,16.00 ,0.03 ,940.59,25,8,2023,12,3,54,0 
31.36 ,29.00 ,0.13 ,0.00 ,0 ,16.00 ,0.03 ,940.59,25,8,2023,12,3,54,0 
31.36 ,29.00 ,0.13 ,0.00 ,0 ,16.00 ,0.03 ,940.57,25,8,2023,12,3,54,0 
31.36 ,29.00 ,0.13 ,0.00 ,0 ,16.00 ,0.03 ,940.57,25,8,2023,12,3,54,0 
31.36 ,29.00 ,0.13 ,0.00 ,0 ,16.00 ,0.03 ,940.60,25,8,2023,12,3,54,0 
31.36 ,29.00 ,0.13 ,0.00 ,0 ,16.00 ,0.03 ,940.62,25,8,2023,12,3,54,0 
31.36 ,29.00 ,0.13 ,0.00 ,0 ,16.00 ,0.03 ,940.62,25,8,2023,12,3,54,0 
31.36 ,29.00 ,0.13 ,0.00 ,0 ,16.00 ,0.03 ,940.62,25,8,2023,12,3,54,0 
31.36 ,29.00 ,0.13 ,0.00 ,0 ,16.00 ,0.03 ,940.62,25,8,2023,12,3,54,0 
31.36 ,29.00 ,0.13 ,0.00 ,0 ,16.00 ,0.03 ,940.60,25,8,2023,12,3,54,0 
31.36 ,29.00 ,0.13 ,0.00 ,0 ,16.00 ,0.03 ,940.63,25,8,2023,12,3,55,0 
31.36 ,29.00 ,0.13 ,0.00 ,0 ,16.00 ,0.03 ,940.62,25,8,2023,12,3,55,0 
31.36 ,29.00 ,0.13 ,0.00 ,0 ,16.00 ,0.03 ,940.60,25,8,2023,12,3,55,0 
31.36 ,29.00 ,0.13 ,0.00 ,0 ,16.00 ,0.03 ,940.60,25,8,2023,12,3,55,0 
31.36 ,29.00 ,0.13 ,0.00 ,0 ,16.00 ,0.03 ,940.60,25,8,2023,12,3,55,0 
31.36 ,29.00 ,0.13 ,0.00 ,0 ,16.00 ,0.03 ,940.60,25,8,2023,12,3,55,0 
31.36 ,29.00 ,0.13 ,0.00 ,0 ,16.00 ,0.03 ,940.60,25,8,2023,12,3,55,0 
31.36 ,29.00 ,0.13 ,0.00 ,0 ,16.00 ,0.03 ,940.64,25,8,2023,12,3,55,0 
31.36 ,29.00 ,0.13 ,0.00 ,0 ,16.00 ,0.03 ,940.64,25,8,2023,12,3,55,0 
31.36 ,29.00 ,0.13 ,0.00 ,0 ,16.00 ,0.03 ,940.60,25,8,2023,12,3,55,0 
31.36 ,29.00 ,0.13 ,0.00 ,0 ,16.00 ,0.03 ,940.60,25,8,2023,12,3,55,0 
31.36 ,29.00 ,0.13 ,0.00 ,0 ,16.00 ,0.03 ,940.60,25,8,2023,12,3,55,0 
31.36 ,29.00 ,0.13 ,0.00 ,0 ,16.00 ,0.03 ,940.60,25,8,2023,12,3,55,0 
31.36 ,29.00 ,0.13 ,0.00 ,0 ,16.00 ,0.03 ,940.60,25,8,2023,12,3,55,0 
31.36 ,29.00 ,0.13 ,0.00 ,0 ,16.00 ,0.03 ,940.62,25,8,2023,12,3,55,0 
31.36 ,29.00 ,0.13 ,0.00 ,0 ,16.00 ,0.03 ,940.62,25,8,2023,12,3,55,0 
31.36 ,29.00 ,0.13 ,0.00 ,0 ,16.00 ,0.03 ,940.58,25,8,2023,12,3,55,0 
31.36 ,29.00 ,0.13 ,0.00 ,0 ,16.00 ,0.03 ,940.58,25,8,2023,12,3,56,0 
31.37 ,29.00 ,0.13 ,0.00 ,0 ,16.00 ,0.03 ,940.61,25,8,2023,12,3,56,0 
31.36 ,29.00 ,0.13 ,0.00 ,0 ,16.00 ,0.03 ,940.62,25,8,2023,12,3,56,0 
31.36 ,29.00 ,0.13 ,0.00 ,0 ,16.00 ,0.03 ,940.62,25,8,2023,12,3,56,0 
31.36 ,29.00 ,0.13 ,0.00 ,0 ,16.00 ,0.03 ,940.61,25,8,2023,12,3,56,0 
31.36 ,29.00 ,0.13 ,0.00 ,0 ,16.00 ,0.03 ,940.61,25,8,2023,12,3,56,0 
31.36 ,29.00 ,0.13 ,0.00 ,0 ,16.00 ,0.03 ,940.58,25,8,2023,12,3,56,0 
31.36 ,29.00 ,0.13 ,0.00 ,0 ,16.00 ,0.03 ,940.61,25,8,2023,12,3,56,0 
31.36 ,29.00 ,0.13 ,0.00 ,0 ,16.00 ,0.03 ,940.61,25,8,2023,12,3,56,0 
31.36 ,29.00 ,0.13 ,0.00 ,0 ,16.00 ,0.03 ,940.61,25,8,2023,12,3,56,0 
31.36 ,29.00 ,0.13 ,0.00 ,0 ,16.00 ,0.03 ,940.61,25,8,2023,12,3,56,0 
31.36 ,29.00 ,0.13 ,0.00 ,0 ,16.00 ,0.03 ,940.59,25,8,2023,12,3,56,0 
31.36 ,29.00 ,0.13 ,0.00 ,0 ,16.00 ,0.03 ,940.62,25,8,2023,12,3,56,0 
31.36 ,29.00 ,0.13 ,0.00 ,0 ,16.00 ,0.03 ,940.62,25,8,2023,12,3,56,0 
31.37 ,29.00 ,0.13 ,0.00 ,0 ,16.00 ,0.03 ,940.62,25,8,2023,12,3,56,0 
31.37 ,29.00 ,0.13 ,0.00 ,0 ,16.00 ,0.03 ,940.62,25,8,2023,12,3,56,0 
31.36 ,29.00 ,0.13 ,0.00 ,0 ,16.00 ,0.03 ,940.60,25,8,2023,12,3,56,0 
31.36 ,29.00 ,0.13 ,0.00 ,0 ,16.00 ,0.03 ,940.60,25,8,2023,12,3,57,0 
31.36 ,29.00 ,0.13 ,0.00 ,0 ,16.00 ,0.03 ,940.59,25,8,2023,12,3,57,0 
31.36 ,29.00 ,0.13 ,0.00 ,0 ,16.00 ,0.03 ,940.60,25,8,2023,12,3,57,0 
31.36 ,29.00 ,0.13 ,0.00 ,0 ,16.00 ,0.03 ,940.60,25,8,2023,12,3,57,0 
31.36 ,29.00 ,0.13 ,0.00 ,0 ,16.00 ,0.03 ,940.58,25,8,2023,12,3,57,0 
31.36 ,29.00 ,0.13 ,0.00 ,0 ,16.00 ,0.03 ,940.58,25,8,2023,12,3,57,0 
31.36 ,29.00 ,0.13 ,0.00 ,0 ,16.00 ,0.03 ,940.59,25,8,2023,12,3,57,0 
31.37 ,29.00 ,0.13 ,0.00 ,0 ,16.00 ,0.03 ,940.60,25,8,2023,12,3,57,0 
31.37 ,29.00 ,0.13 ,0.03 ,0 ,16.00 ,0.03 ,940.60,25,8,2023,12,3,57,0 
31.36 ,29.00 ,0.13 ,0.03 ,0 ,16.00 ,0.03 ,940.60,25,8,2023,12,3,57,0 
31.36 ,29.00 ,0.13 ,0.03 ,0 ,16.00 ,0.03 ,940.60,25,8,2023,12,3,57,0 
31.36 ,29.00 ,0.13 ,0.03 ,0 ,16.00 ,0.03 ,940.59,25,8,2023,12,3,57,0 
31.36 ,29.00 ,0.13 ,0.03 ,0 ,16.00 ,0.03 ,940.59,25,8,2023,12,3,57,0 
31.37 ,29.00 ,0.13 ,0.03 ,0 ,16.00 ,0.03 ,940.60,25,8,2023,12,3,57,0 
31.37 ,29.00 ,0.13 ,0.03 ,0 ,16.00 ,0.03 ,940.62,25,8,2023,12,3,57,0 
31.37 ,29.00 ,0.13 ,0.03 ,0 ,16.00 ,0.03 ,940.62,25,8,2023,12,3,57,0 
31.36 ,29.00 ,0.13 ,0.03 ,0 ,16.00 ,0.03 ,940.59,25,8,2023,12,3,57,0 
31.36 ,29.00 ,0.13 ,0.03 ,0 ,16.00 ,0.03 ,940.59,25,8,2023,12,3,57,0 
31.36 ,29.00 ,0.13 ,0.03 ,0 ,16.00 ,0.03 ,940.61,25,8,2023,12,3,58,0 
31.37 ,29.00 ,0.13 ,0.03 ,0 ,16.00 ,0.03 ,940.62,25,8,2023,12,3,58,0 
31.37 ,29.00 ,0.13 ,0.03 ,0 ,16.00 ,0.03 ,940.62,25,8,2023,12,3,58,0 
31.37 ,29.00 ,0.13 ,0.03 ,0 ,16.00 ,0.03 ,940.62,25,8,2023,12,3,58,0 
31.37 ,29.00 ,0.13 ,0.03 ,0 ,16.00 ,0.03 ,940.62,25,8,2023,12,3,58,0 
31.36 ,29.00 ,0.13 ,0.03 ,0 ,16.00 ,0.03 ,940.61,25,8,2023,12,3,58,0 
31.36 ,29.00 ,0.13 ,0.03 ,0 ,16.00 ,0.03 ,940.63,25,8,2023,12,3,58,0 
31.37 ,29.00 ,0.13 ,0.03 ,0 ,16.00 ,0.03 ,940.63,25,8,2023,12,3,58,0 
31.37 ,29.00 ,0.13 ,0.03 ,0 ,16.00 ,0.03 ,940.62,25,8,2023,12,3,58,0 
31.37 ,29.00 ,0.13 ,0.03 ,0 ,16.00 ,0.03 ,940.62,25,8,2023,12,3,58,0 
31.37 ,29.00 ,0.13 ,0.03 ,0 ,16.00 ,0.03 ,940.63,25,8,2023,12,3,58,0 
31.37 ,29.00 ,0.13 ,0.03 ,0 ,16.00 ,0.03 ,940.63,25,8,2023,12,3,58,0 
31.37 ,29.00 ,0.13 ,0.03 ,0 ,16.00 ,0.03 ,940.63,25,8,2023,12,3,58,0 
31.37 ,29.00 ,0.13 ,0.03 ,0 ,16.00 ,0.03 ,940.63,25,8,2023,12,3,58,0 
31.37 ,29.00 ,0.13 ,0.03 ,0 ,16.00 ,0.03 ,940.63,25,8,2023,12,3,58,0 
31.37 ,29.00 ,0.13 ,0.03 ,0 ,16.00 ,0.03 ,940.60,25,8,2023,12,3,58,0 
31.37 ,29.00 ,0.13 ,0.03 ,0 ,16.00 ,0.03 ,940.60,25,8,2023,12,3,58,0 
31.37 ,29.00 ,0.13 ,0.03 ,0 ,16.00 ,0.03 ,940.64,25,8,2023,12,3,59,0 
31.38 ,29.00 ,0.13 ,0.03 ,0 ,16.00 ,0.03 ,940.63,25,8,2023,12,3,59,0 
31.38 ,29.00 ,0.13 ,0.03 ,0 ,16.00 ,0.03 ,940.63,25,8,2023,12,3,59,0 
31.37 ,29.00 ,0.13 ,0.03 ,0 ,16.00 ,0.03 ,940.63,25,8,2023,12,3,59,0 
31.37 ,29.00 ,0.13 ,0.03 ,0 ,16.00 ,0.03 ,940.63,25,8,2023,12,3,59,0 
31.38 ,29.00 ,0.13 ,0.03 ,0 ,16.00 ,0.03 ,940.63,25,8,2023,12,3,59,0 
31.38 ,29.00 ,0.13 ,0.03 ,0 ,16.00 ,0.03 ,940.65,25,8,2023,12,3,59,0 
31.37 ,29.00 ,0.13 ,0.03 ,0 ,16.00 ,0.03 ,940.64,25,8,2023,12,3,59,0 
31.37 ,29.00 ,0.13 ,0.03 ,0 ,16.00 ,0.03 ,940.60,25,8,2023,12,3,59,0 
31.37 ,29.00 ,0.13 ,0.03 ,0 ,16.00 ,0.03 ,940.60,25,8,2023,12,3,59,0 
31.37 ,29.00 ,0.13 ,0.03 ,0 ,16.00 ,0.03 ,940.61,25,8,2023,12,3,59,0 
31.37 ,29.00 ,0.13 ,0.03 ,0 ,16.00 ,0.03 ,940.61,25,8,2023,12,3,59,0 
31.37 ,29.00 ,0.13 ,0.03 ,0 ,16.00 ,0.03 ,940.60,25,8,2023,12,3,59,0 
31.37 ,29.00 ,0.13 ,0.03 ,0 ,16.00 ,0.03 ,940.60,25,8,2023,12,3,59,0 
31.37 ,29.00 ,0.13 ,0.03 ,0 ,16.00 ,0.03 ,940.60,25,8,2023,12,3,59,0 
31.37 ,29.00 ,0.13 ,0.03 ,0 ,16.00 ,0.03 ,940.60,25,8,2023,12,3,59,0 
31.37 ,29.00 ,0.13 ,0.03 ,0 ,16.00 ,0.03 ,940.60,25,8,2023,12,3,59,0 
31.37 ,29.00 ,0.13 ,0.03 ,0 ,16.00 ,0.03 ,940.60,25,8,2023,12,3,59,0 
31.37 ,29.00 ,0.13 ,0.03 ,0 ,16.00 ,0.03 ,940.62,25,8,2023,12,4,0,0 
31.37 ,29.00 ,0.13 ,0.03 ,0 ,16.00 ,0.03 ,940.62,25,8,2023,12,4,0,0 
31.37 ,29.00 ,0.13 ,0.03 ,0 ,16.00 ,0.03 ,940.59,25,8,2023,12,4,0,0 
31.37 ,29.00 ,0.13 ,0.03 ,0 ,16.00 ,0.03 ,940.59,25,8,2023,12,4,0,0 
31.37 ,29.00 ,0.13 ,0.03 ,0 ,16.00 ,0.03 ,940.60,25,8,2023,12,4,0,0 
31.37 ,29.00 ,0.13 ,0.03 ,0 ,16.00 ,0.03 ,940.60,25,8,2023,12,4,0,0 
31.38 ,29.00 ,0.13 ,0.03 ,0 ,16.00 ,0.03 ,940.63,25,8,2023,12,4,0,0 
31.38 ,29.00 ,0.13 ,0.03 ,0 ,16.00 ,0.03 ,940.60,25,8,2023,12,4,0,0 
31.38 ,29.00 ,0.13 ,0.03 ,0 ,16.00 ,0.03 ,940.60,25,8,2023,12,4,0,0 
31.37 ,29.00 ,0.13 ,0.03 ,0 ,16.00 ,0.03 ,940.59,25,8,2023,12,4,0,0 
31.37 ,29.00 ,0.13 ,0.03 ,0 ,16.00 ,0.03 ,940.59,25,8,2023,12,4,0,0 
31.37 ,29.00 ,0.13 ,0.03 ,0 ,16.00 ,0.03 ,940.63,25,8,2023,12,4,0,0 
31.37 ,29.00 ,0.13 ,0.03 ,0 ,16.00 ,0.03 ,940.60,25,8,2023,12,4,0,0 
31.37 ,29.00 ,0.13 ,0.03 ,0 ,16.00 ,0.03 ,940.60,25,8,2023,12,4,0,0 
31.37 ,29.00 ,0.13 ,0.03 ,0 ,16.00 ,0.03 ,940.61,25,8,2023,12,4,0,0 
31.37 ,29.00 ,0.13 ,0.03 ,0 ,16.00 ,0.03 ,940.61,25,8,2023,12,4,0,0 
31.37 ,29.00 ,0.13 ,0.03 ,0 ,16.00 ,0.03 ,940.60,25,8,2023,12,4,0,0 
31.37 ,29.00 ,0.13 ,0.03 ,0 ,16.00 ,0.03 ,940.65,25,8,2023,12,4,1,0 
31.38 ,29.00 ,0.13 ,0.03 ,0 ,16.00 ,0.03 ,940.65,25,8,2023,12,4,1,0 
31.38 ,29.00 ,0.13 ,0.03 ,0 ,16.00 ,0.03 ,940.62,25,8,2023,12,4,1,0 
31.38 ,29.00 ,0.13 ,0.03 ,0 ,16.00 ,0.03 ,940.62,25,8,2023,12,4,1,0 
31.38 ,29.00 ,0.13 ,0.03 ,0 ,16.00 ,0.03 ,940.64,25,8,2023,12,4,1,0 
31.38 ,29.00 ,0.13 ,0.03 ,0 ,16.00 ,0.03 ,940.64,25,8,2023,12,4,1,0 
31.38 ,29.00 ,0.13 ,0.03 ,0 ,16.00 ,0.03 ,940.63,25,8,2023,12,4,1,0 
31.38 ,29.00 ,0.13 ,0.03 ,0 ,16.00 ,0.03 ,940.62,25,8,2023,12,4,1,0 
31.38 ,29.00 ,0.13 ,0.03 ,0 ,16.00 ,0.03 ,940.62,25,8,2023,12,4,1,0 
31.37 ,29.00 ,0.13 ,0.03 ,0 ,16.00 ,0.03 ,940.62,25,8,2023,12,4,1,0 
31.37 ,29.00 ,0.13 ,0.03 ,0 ,16.00 ,0.03 ,940.62,25,8,2023,12,4,1,0 
31.37 ,29.00 ,0.13 ,0.03 ,0 ,16.00 ,0.03 ,940.59,25,8,2023,12,4,1,0 
31.37 ,29.00 ,0.13 ,0.03 ,0 ,16.00 ,0.03 ,940.57,25,8,2023,12,4,1,0 
31.37 ,29.00 ,0.13 ,0.03 ,0 ,16.00 ,0.03 ,940.57,25,8,2023,12,4,1,0 
31.37 ,29.00 ,0.13 ,0.03 ,0 ,16.00 ,0.03 ,940.60,25,8,2023,12,4,1,0 
31.37 ,29.00 ,0.13 ,0.03 ,0 ,16.00 ,0.03 ,940.60,25,8,2023,12,4,1,0 
31.37 ,29.00 ,0.13 ,0.03 ,0 ,16.00 ,0.03 ,940.58,25,8,2023,12,4,1,0 
31.37 ,29.00 ,0.13 ,0.03 ,0 ,16.00 ,0.03 ,940.58,25,8,2023,12,4,2,0 
31.38 ,29.00 ,0.13 ,0.03 ,0 ,16.00 ,0.03 ,940.59,25,8,2023,12,4,2,0 
31.38 ,29.00 ,0.13 ,0.03 ,0 ,16.00 ,0.03 ,940.62,25,8,2023,12,4,2,0 
31.38 ,29.00 ,0.13 ,0.03 ,0 ,16.00 ,0.03 ,940.62,25,8,2023,12,4,2,0 
31.38 ,29.00 ,0.13 ,0.03 ,0 ,16.00 ,0.03 ,940.61,25,8,2023,12,4,2,0 
31.38 ,29.00 ,0.13 ,0.03 ,0 ,16.00 ,0.03 ,940.61,25,8,2023,12,4,2,0 
31.38 ,29.00 ,0.13 ,0.03 ,0 ,16.00 ,0.03 ,940.59,25,8,2023,12,4,2,0 
31.38 ,29.00 ,0.13 ,0.03 ,0 ,16.00 ,0.03 ,940.62,25,8,2023,12,4,2,0 
31.38 ,29.00 ,0.13 ,0.03 ,0 ,16.00 ,0.03 ,940.62,25,8,2023,12,4,2,0 
31.38 ,29.00 ,0.13 ,0.03 ,0 ,16.00 ,0.03 ,940.62,25,8,2023,12,4,2,0 
31.38 ,29.00 ,0.13 ,0.03 ,0 ,16.00 ,0.03 ,940.62,25,8,2023,12,4,2,0 
31.38 ,29.00 ,0.13 ,0.03 ,0 ,16.00 ,0.03 ,940.61,25,8,2023,12,4,2,0 
31.38 ,29.00 ,0.13 ,0.03 ,0 ,16.00 ,0.03 ,940.61,25,8,2023,12,4,2,0 
31.38 ,29.00 ,0.13 ,0.03 ,0 ,16.00 ,0.03 ,940.61,25,8,2023,12,4,2,0 
31.38 ,29.00 ,0.13 ,0.03 ,0 ,16.00 ,0.03 ,940.60,25,8,2023,12,4,2,0 
31.38 ,29.00 ,0.13 ,0.03 ,0 ,16.00 ,0.03 ,940.60,25,8,2023,12,4,2,0 
31.38 ,29.00 ,0.13 ,0.03 ,0 ,16.00 ,0.03 ,940.60,25,8,2023,12,4,2,0 
31.38 ,29.00 ,0.13 ,0.03 ,0 ,16.00 ,0.03 ,940.60,25,8,2023,12,4,2,0 
31.38 ,29.00 ,0.13 ,0.03 ,0 ,16.00 ,0.03 ,940.62,25,8,2023,12,4,3,0 
31.38 ,29.00 ,0.13 ,0.03 ,0 ,16.00 ,0.03 ,940.61,25,8,2023,12,4,3,0 
31.38 ,29.00 ,0.13 ,0.03 ,0 ,16.00 ,0.03 ,940.61,25,8,2023,12,4,3,0 
31.38 ,29.00 ,0.13 ,0.03 ,0 ,16.00 ,0.03 ,940.66,25,8,2023,12,4,3,0 
31.38 ,29.00 ,0.13 ,0.03 ,0 ,16.00 ,0.03 ,940.66,25,8,2023,12,4,3,0 
31.38 ,29.00 ,0.13 ,0.03 ,0 ,16.00 ,0.03 ,940.62,25,8,2023,12,4,3,0 
31.38 ,29.00 ,0.13 ,0.03 ,0 ,16.00 ,0.03 ,940.62,25,8,2023,12,4,3,0 
31.38 ,29.00 ,0.13 ,0.03 ,0 ,16.00 ,0.03 ,940.62,25,8,2023,12,4,3,0 
31.38 ,29.00 ,0.13 ,0.03 ,0 ,16.00 ,0.03 ,940.62,25,8,2023,12,4,3,0 
31.38 ,29.00 ,0.13 ,0.03 ,0 ,16.00 ,0.03 ,940.62,25,8,2023,12,4,3,0 
31.38 ,29.00 ,0.13 ,0.03 ,0 ,16.00 ,0.03 ,940.60,25,8,2023,12,4,3,0 
31.38 ,29.00 ,0.13 ,0.03 ,0 ,16.00 ,0.03 ,940.63,25,8,2023,12,4,3,0 
31.38 ,29.00 ,0.13 ,0.03 ,0 ,16.00 ,0.03 ,940.63,25,8,2023,12,4,3,0 
31.38 ,29.00 ,0.13 ,0.03 ,0 ,16.00 ,0.03 ,940.62,25,8,2023,12,4,3,0 
31.38 ,29.00 ,0.13 ,0.03 ,0 ,16.00 ,0.03 ,940.62,25,8,2023,12,4,3,0 
31.38 ,29.00 ,0.13 ,0.03 ,0 ,16.00 ,0.03 ,940.63,25,8,2023,12,4,3,0 
31.38 ,29.00 ,0.13 ,0.03 ,0 ,16.00 ,0.03 ,940.63,25,8,2023,12,4,3,0 
31.38 ,29.00 ,0.13 ,0.03 ,0 ,16.00 ,0.03 ,940.61,25,8,2023,12,4,4,0 
31.38 ,29.00 ,0.13 ,0.03 ,0 ,16.00 ,0.03 ,940.60,25,8,2023,12,4,4,0 
31.38 ,29.00 ,0.13 ,0.03 ,0 ,16.00 ,0.03 ,940.60,25,8,2023,12,4,4,0 
31.38 ,29.00 ,0.13 ,0.03 ,0 ,16.00 ,0.03 ,940.64,25,8,2023,12,4,4,0 
31.38 ,29.00 ,0.13 ,0.03 ,0 ,16.00 ,0.03 ,940.64,25,8,2023,12,4,4,0 
31.38 ,29.00 ,0.13 ,0.03 ,0 ,16.00 ,0.03 ,940.62,25,8,2023,12,4,4,0 
31.38 ,29.00 ,0.13 ,0.03 ,0 ,16.00 ,0.03 ,940.61,25,8,2023,12,4,4,0 
31.38 ,29.00 ,0.13 ,0.03 ,0 ,16.00 ,0.03 ,940.61,25,8,2023,12,4,4,0 
31.38 ,29.00 ,0.13 ,0.03 ,0 ,16.00 ,0.03 ,940.63,25,8,2023,12,4,4,0 
31.38 ,29.00 ,0.13 ,0.03 ,0 ,16.00 ,0.03 ,940.63,25,8,2023,12,4,4,0 
31.38 ,29.00 ,0.13 ,0.03 ,0 ,16.00 ,0.03 ,940.60,25,8,2023,12,4,4,0 
31.38 ,29.00 ,0.13 ,0.03 ,0 ,16.00 ,0.03 ,940.60,25,8,2023,12,4,4,0 
31.39 ,29.00 ,0.13 ,0.03 ,0 ,16.00 ,0.03 ,940.60,25,8,2023,12,4,4,0 
31.38 ,29.00 ,0.13 ,0.03 ,0 ,16.00 ,0.03 ,940.61,25,8,2023,12,4,4,0 
31.38 ,29.00 ,0.13 ,0.03 ,0 ,16.00 ,0.03 ,940.61,25,8,2023,12,4,4,0 
31.39 ,29.00 ,0.13 ,0.03 ,0 ,16.00 ,0.03 ,940.62,25,8,2023,12,4,4,0 
31.39 ,29.00 ,0.13 ,0.03 ,0 ,16.00 ,0.03 ,940.62,25,8,2023,12,4,4,0 
31.39 ,29.00 ,0.13 ,0.03 ,0 ,16.00 ,0.03 ,940.63,25,8,2023,12,4,4,0 
31.38 ,29.00 ,0.13 ,0.03 ,0 ,16.00 ,0.03 ,940.60,25,8,2023,12,4,5,0 
31.38 ,29.00 ,0.13 ,0.03 ,0 ,16.00 ,0.03 ,940.60,25,8,2023,12,4,5,0 
31.39 ,29.00 ,0.13 ,0.03 ,0 ,16.00 ,0.03 ,940.61,25,8,2023,12,4,5,0 
31.39 ,29.00 ,0.13 ,0.03 ,0 ,16.00 ,0.03 ,940.61,25,8,2023,12,4,5,0 
31.38 ,29.00 ,0.13 ,0.03 ,0 ,16.00 ,0.03 ,940.61,25,8,2023,12,4,5,0 
31.38 ,29.00 ,0.13 ,0.03 ,0 ,16.00 ,0.03 ,940.61,25,8,2023,12,4,5,0 
31.38 ,29.00 ,0.13 ,0.03 ,0 ,16.00 ,0.03 ,940.61,25,8,2023,12,4,5,0 
31.38 ,29.00 ,0.13 ,0.03 ,0 ,16.00 ,0.03 ,940.61,25,8,2023,12,4,5,0 
31.38 ,29.00 ,0.13 ,0.03 ,0 ,16.00 ,0.03 ,940.61,25,8,2023,12,4,5,0 
31.38 ,29.00 ,0.13 ,0.03 ,0 ,16.00 ,0.03 ,940.61,25,8,2023,12,4,5,0 
31.38 ,29.00 ,0.13 ,0.03 ,0 ,16.00 ,0.03 ,940.61,25,8,2023,12,4,5,0 
31.38 ,29.00 ,0.13 ,0.03 ,0 ,16.00 ,0.03 ,940.64,25,8,2023,12,4,5,0 
31.38 ,29.00 ,0.13 ,0.03 ,0 ,16.00 ,0.03 ,940.61,25,8,2023,12,4,5,0 
31.38 ,29.00 ,0.13 ,0.03 ,0 ,16.00 ,0.03 ,940.61,25,8,2023,12,4,5,0 
31.38 ,29.00 ,0.13 ,0.03 ,0 ,16.00 ,0.03 ,940.61,25,8,2023,12,4,5,0 
31.38 ,29.00 ,0.13 ,0.03 ,0 ,16.00 ,0.03 ,940.61,25,8,2023,12,4,5,0 
31.39 ,29.00 ,0.13 ,0.03 ,0 ,16.00 ,0.03 ,940.65,25,8,2023,12,4,5,0 
31.38 ,29.00 ,0.13 ,0.03 ,0 ,16.00 ,0.03 ,940.63,25,8,2023,12,4,6,0 
31.38 ,29.00 ,0.13 ,0.03 ,0 ,16.00 ,0.03 ,940.63,25,8,2023,12,4,6,0 
31.38 ,29.00 ,0.13 ,0.03 ,0 ,16.00 ,0.03 ,940.62,25,8,2023,12,4,6,0 
31.38 ,29.00 ,0.13 ,0.03 ,0 ,16.00 ,0.03 ,940.62,25,8,2023,12,4,6,0 
31.38 ,29.00 ,0.13 ,0.03 ,0 ,16.00 ,0.03 ,940.65,25,8,2023,12,4,6,0 
31.38 ,29.00 ,0.13 ,0.03 ,0 ,16.00 ,0.03 ,940.63,25,8,2023,12,4,6,0 
31.38 ,29.00 ,0.13 ,0.03 ,0 ,16.00 ,0.03 ,940.62,25,8,2023,12,4,6,0 
31.38 ,29.00 ,0.13 ,0.03 ,0 ,16.00 ,0.03 ,940.63,25,8,2023,12,4,6,0 
31.38 ,29.00 ,0.13 ,0.03 ,0 ,16.00 ,0.03 ,940.63,25,8,2023,12,4,6,0 
31.38 ,29.00 ,0.13 ,0.03 ,0 ,16.00 ,0.03 ,940.64,25,8,2023,12,4,6,0 
31.38 ,29.00 ,0.13 ,0.03 ,0 ,16.00 ,0.03 ,940.64,25,8,2023,12,4,6,0 
31.38 ,29.00 ,0.13 ,0.03 ,0 ,16.00 ,0.03 ,940.62,25,8,2023,12,4,6,0 
31.38 ,29.00 ,0.13 ,0.03 ,0 ,16.00 ,0.03 ,940.59,25,8,2023,12,4,6,0 
31.38 ,29.00 ,0.13 ,0.03 ,0 ,16.00 ,0.03 ,940.59,25,8,2023,12,4,6,0 
31.38 ,29.00 ,0.13 ,0.03 ,0 ,16.00 ,0.03 ,940.59,25,8,2023,12,4,6,0 
31.38 ,29.00 ,0.13 ,0.03 ,0 ,16.00 ,0.03 ,940.59,25,8,2023,12,4,6,0 
31.38 ,29.00 ,0.13 ,0.03 ,0 ,16.00 ,0.03 ,940.62,25,8,2023,12,4,6,0 
31.38 ,29.00 ,0.13 ,0.03 ,0 ,16.00 ,0.03 ,940.60,25,8,2023,12,4,6,0 
31.38 ,29.00 ,0.13 ,0.03 ,0 ,16.00 ,0.03 ,940.60,25,8,2023,12,4,7,0 
31.38 ,29.00 ,0.13 ,0.03 ,0 ,16.00 ,0.03 ,940.62,25,8,2023,12,4,7,0 
31.38 ,29.00 ,0.13 ,0.03 ,0 ,16.00 ,0.03 ,940.62,25,8,2023,12,4,7,0 
31.38 ,29.00 ,0.13 ,0.03 ,0 ,16.00 ,0.03 ,940.62,25,8,2023,12,4,7,0 
31.38 ,29.00 ,0.13 ,0.03 ,0 ,16.00 ,0.03 ,940.62,25,8,2023,12,4,7,0 
31.38 ,29.00 ,0.13 ,0.03 ,0 ,16.00 ,0.03 ,940.61,25,8,2023,12,4,7,0 
31.38 ,29.00 ,0.13 ,0.03 ,0 ,16.00 ,0.03 ,940.62,25,8,2023,12,4,7,0 
31.38 ,29.00 ,0.13 ,0.03 ,0 ,16.00 ,0.03 ,940.62,25,8,2023,12,4,7,0 
31.38 ,29.00 ,0.13 ,0.03 ,0 ,16.00 ,0.03 ,940.60,25,8,2023,12,4,7,0 
31.38 ,29.00 ,0.13 ,0.03 ,0 ,16.00 ,0.03 ,940.60,25,8,2023,12,4,7,0 
31.38 ,29.00 ,0.13 ,0.03 ,0 ,16.00 ,0.03 ,940.61,25,8,2023,12,4,7,0 
31.38 ,29.00 ,0.13 ,0.03 ,0 ,16.00 ,0.03 ,940.61,25,8,2023,12,4,7,0 
31.38 ,29.00 ,0.13 ,0.03 ,0 ,16.00 ,0.03 ,940.61,25,8,2023,12,4,7,0 
31.38 ,29.00 ,0.13 ,0.03 ,0 ,16.00 ,0.03 ,940.60,25,8,2023,12,4,7,0 
31.38 ,29.00 ,0.13 ,0.03 ,0 ,16.00 ,0.03 ,940.60,25,8,2023,12,4,7,0 
31.38 ,29.00 ,0.13 ,0.03 ,0 ,16.00 ,0.03 ,940.63,25,8,2023,12,4,7,0 
31.38 ,29.00 ,0.13 ,0.03 ,0 ,16.00 ,0.03 ,940.60,25,8,2023,12,4,7,0 
31.38 ,29.00 ,0.13 ,0.03 ,0 ,16.00 ,0.03 ,940.60,25,8,2023,12,4,8,0 
31.38 ,29.00 ,0.13 ,0.03 ,0 ,16.00 ,0.03 ,940.60,25,8,2023,12,4,8,0 
31.38 ,29.00 ,0.13 ,0.03 ,0 ,16.00 ,0.03 ,940.60,25,8,2023,12,4,8,0 
31.38 ,29.00 ,0.13 ,0.03 ,0 ,16.00 ,0.03 ,940.58,25,8,2023,12,4,8,0 
31.38 ,29.00 ,0.13 ,0.03 ,0 ,16.00 ,0.03 ,940.58,25,8,2023,12,4,8,0 
31.38 ,29.00 ,0.13 ,0.03 ,0 ,16.00 ,0.03 ,940.61,25,8,2023,12,4,8,0 
31.38 ,29.00 ,0.13 ,0.03 ,0 ,16.00 ,0.03 ,940.62,25,8,2023,12,4,8,0 
31.38 ,29.00 ,0.13 ,0.03 ,0 ,16.00 ,0.03 ,940.62,25,8,2023,12,4,8,0 
31.38 ,29.00 ,0.13 ,0.03 ,0 ,16.00 ,0.03 ,940.61,25,8,2023,12,4,8,0 
31.38 ,29.00 ,0.13 ,0.03 ,0 ,16.00 ,0.03 ,940.61,25,8,2023,12,4,8,0 
31.37 ,29.00 ,0.13 ,0.03 ,0 ,16.00 ,0.03 ,940.61,25,8,2023,12,4,8,0 
31.38 ,29.00 ,0.13 ,0.03 ,0 ,16.00 ,0.03 ,940.63,25,8,2023,12,4,8,0 
31.38 ,29.00 ,0.13 ,0.03 ,0 ,16.00 ,0.03 ,940.63,25,8,2023,12,4,8,0 
31.38 ,29.00 ,0.13 ,0.03 ,0 ,16.00 ,0.03 ,940.65,25,8,2023,12,4,8,0 
31.38 ,29.00 ,0.13 ,0.03 ,0 ,16.00 ,0.03 ,940.65,25,8,2023,12,4,8,0 
31.38 ,29.00 ,0.13 ,0.03 ,0 ,16.00 ,0.03 ,940.65,25,8,2023,12,4,8,0 
31.38 ,29.00 ,0.13 ,0.03 ,0 ,16.00 ,0.03 ,940.60,25,8,2023,12,4,8,0 
31.38 ,29.00 ,0.13 ,0.03 ,0 ,16.00 ,0.03 ,940.60,25,8,2023,12,4,8,0 
31.38 ,29.00 ,0.13 ,0.03 ,0 ,16.00 ,0.03 ,940.62,25,8,2023,12,4,9,0 
31.38 ,29.00 ,0.13 ,0.03 ,0 ,16.00 ,0.03 ,940.62,25,8,2023,12,4,9,0 
31.38 ,29.00 ,0.13 ,0.03 ,0 ,16.00 ,0.03 ,940.60,25,8,2023,12,4,9,0 
31.38 ,29.00 ,0.13 ,0.03 ,0 ,16.00 ,0.03 ,940.60,25,8,2023,12,4,9,0 
31.38 ,29.00 ,0.13 ,0.03 ,0 ,16.00 ,0.03 ,940.62,25,8,2023,12,4,9,0 
31.38 ,29.00 ,0.13 ,0.03 ,0 ,16.00 ,0.03 ,940.63,25,8,2023,12,4,9,0 
31.38 ,29.00 ,0.13 ,0.03 ,0 ,16.00 ,0.03 ,940.63,25,8,2023,12,4,9,0 
31.38 ,29.00 ,0.13 ,0.03 ,0 ,16.00 ,0.03 ,940.61,25,8,2023,12,4,9,0 
31.38 ,29.00 ,0.13 ,0.03 ,0 ,16.00 ,0.03 ,940.61,25,8,2023,12,4,9,0 
31.38 ,29.00 ,0.13 ,0.03 ,0 ,16.00 ,0.03 ,940.61,25,8,2023,12,4,9,0 
31.38 ,29.00 ,0.13 ,0.03 ,0 ,16.00 ,0.03 ,940.61,25,8,2023,12,4,9,0 
31.38 ,29.00 ,0.13 ,0.03 ,0 ,16.00 ,0.03 ,940.61,25,8,2023,12,4,9,0 
31.38 ,29.00 ,0.13 ,0.03 ,0 ,16.00 ,0.03 ,940.62,25,8,2023,12,4,9,0 
31.38 ,29.00 ,0.13 ,0.03 ,0 ,16.00 ,0.03 ,940.62,25,8,2023,12,4,9,0 
31.38 ,29.00 ,0.13 ,0.03 ,0 ,16.00 ,0.03 ,940.63,25,8,2023,12,4,9,0 
31.38 ,29.00 ,0.13 ,0.03 ,0 ,16.00 ,0.03 ,940.63,25,8,2023,12,4,9,0 
31.38 ,29.00 ,0.13 ,0.03 ,0 ,16.00 ,0.03 ,940.61,25,8,2023,12,4,9,0 
31.38 ,29.00 ,0.13 ,0.03 ,0 ,16.00 ,0.03 ,940.60,25,8,2023,12,4,10,0 
31.38 ,29.00 ,0.13 ,0.03 ,0 ,16.00 ,0.03 ,940.60,25,8,2023,12,4,10,0 
31.38 ,29.00 ,0.13 ,0.03 ,0 ,16.00 ,0.03 ,940.60,25,8,2023,12,4,10,0 
31.38 ,29.00 ,0.13 ,0.02 ,0 ,16.00 ,0.03 ,940.60,25,8,2023,12,4,10,0 
31.38 ,29.00 ,0.13 ,0.02 ,0 ,16.00 ,0.03 ,940.62,25,8,2023,12,4,10,0 
31.38 ,29.00 ,0.13 ,0.02 ,0 ,16.00 ,0.03 ,940.59,25,8,2023,12,4,10,0 
31.38 ,29.00 ,0.13 ,0.02 ,0 ,16.00 ,0.03 ,940.59,25,8,2023,12,4,10,0 
31.38 ,29.00 ,0.13 ,0.02 ,0 ,16.00 ,0.03 ,940.61,25,8,2023,12,4,10,0 
31.38 ,29.00 ,0.13 ,0.02 ,0 ,16.00 ,0.03 ,940.61,25,8,2023,12,4,10,0 
31.38 ,29.00 ,0.13 ,0.02 ,0 ,16.00 ,0.03 ,940.61,25,8,2023,12,4,10,0 
31.38 ,29.00 ,0.13 ,0.02 ,0 ,16.00 ,0.03 ,940.59,25,8,2023,12,4,10,0 
31.38 ,29.00 ,0.13 ,0.02 ,0 ,16.00 ,0.03 ,940.59,25,8,2023,12,4,10,0 
31.38 ,29.00 ,0.13 ,0.02 ,0 ,16.00 ,0.03 ,940.59,25,8,2023,12,4,10,0 
31.38 ,29.00 ,0.13 ,0.02 ,0 ,16.00 ,0.03 ,940.59,25,8,2023,12,4,10,0 
31.38 ,29.00 ,0.13 ,0.02 ,0 ,16.00 ,0.03 ,940.62,25,8,2023,12,4,10,0 
31.38 ,29.00 ,0.13 ,0.02 ,0 ,16.00 ,0.03 ,940.62,25,8,2023,12,4,10,0 
31.38 ,29.00 ,0.13 ,0.02 ,0 ,16.00 ,0.03 ,940.63,25,8,2023,12,4,10,0 
31.38 ,29.00 ,0.13 ,0.02 ,0 ,16.00 ,0.03 ,940.61,25,8,2023,12,4,11,0 
31.38 ,29.00 ,0.13 ,0.02 ,0 ,16.00 ,0.03 ,940.61,25,8,2023,12,4,11,0 
31.38 ,29.00 ,0.13 ,0.02 ,0 ,16.00 ,0.03 ,940.60,25,8,2023,12,4,11,0 
31.38 ,29.00 ,0.13 ,0.02 ,0 ,16.00 ,0.03 ,940.60,25,8,2023,12,4,11,0 
31.38 ,29.00 ,0.13 ,0.02 ,0 ,16.00 ,0.03 ,940.63,25,8,2023,12,4,11,0 
31.38 ,29.00 ,0.13 ,0.02 ,0 ,16.00 ,0.03 ,940.59,25,8,2023,12,4,11,0 
31.38 ,29.00 ,0.13 ,0.02 ,0 ,16.00 ,0.03 ,940.59,25,8,2023,12,4,11,0 
31.37 ,29.00 ,0.13 ,0.02 ,0 ,16.00 ,0.03 ,940.60,25,8,2023,12,4,11,0 
31.37 ,29.00 ,0.13 ,0.02 ,0 ,16.00 ,0.03 ,940.60,25,8,2023,12,4,11,0 
31.38 ,29.00 ,0.13 ,0.02 ,0 ,16.00 ,0.03 ,940.63,25,8,2023,12,4,11,0 
31.38 ,29.00 ,0.13 ,0.02 ,0 ,16.00 ,0.03 ,940.63,25,8,2023,12,4,11,0 
31.38 ,29.00 ,0.13 ,0.02 ,0 ,16.00 ,0.03 ,940.62,25,8,2023,12,4,11,0 
31.38 ,29.00 ,0.13 ,0.02 ,0 ,16.00 ,0.03 ,940.60,25,8,2023,12,4,11,0 
31.38 ,29.00 ,0.13 ,0.02 ,0 ,16.00 ,0.03 ,940.60,25,8,2023,12,4,11,0 
31.37 ,29.00 ,0.13 ,0.02 ,0 ,16.00 ,0.03 ,940.63,25,8,2023,12,4,11,0 
31.37 ,29.00 ,0.13 ,0.02 ,0 ,16.00 ,0.03 ,940.63,25,8,2023,12,4,11,0 
31.38 ,29.00 ,0.13 ,0.02 ,0 ,16.00 ,0.03 ,940.59,25,8,2023,12,4,11,0 
31.38 ,29.00 ,0.13 ,0.02 ,0 ,16.00 ,0.03 ,940.61,25,8,2023,12,4,11,0 
31.38 ,29.00 ,0.13 ,0.02 ,0 ,16.00 ,0.03 ,940.61,25,8,2023,12,4,12,0 
31.38 ,29.00 ,0.13 ,0.02 ,0 ,16.00 ,0.03 ,940.60,25,8,2023,12,4,12,0 
31.38 ,29.00 ,0.13 ,0.02 ,0 ,16.00 ,0.03 ,940.60,25,8,2023,12,4,12,0 
31.38 ,29.00 ,0.13 ,0.02 ,0 ,16.00 ,0.03 ,940.59,25,8,2023,12,4,12,0 
31.38 ,29.00 ,0.13 ,0.02 ,0 ,16.00 ,0.03 ,940.61,25,8,2023,12,4,12,0 
31.38 ,29.00 ,0.13 ,0.02 ,0 ,16.00 ,0.03 ,940.61,25,8,2023,12,4,12,0 
31.38 ,29.00 ,0.13 ,0.02 ,0 ,16.00 ,0.03 ,940.59,25,8,2023,12,4,12,0 
31.38 ,29.00 ,0.13 ,0.02 ,0 ,16.00 ,0.03 ,940.59,25,8,2023,12,4,12,0 
31.38 ,29.00 ,0.13 ,0.02 ,0 ,16.00 ,0.03 ,940.61,25,8,2023,12,4,12,0 
31.38 ,29.00 ,0.13 ,0.02 ,0 ,16.00 ,0.03 ,940.61,25,8,2023,12,4,12,0 
31.38 ,29.00 ,0.13 ,0.02 ,0 ,16.00 ,0.03 ,940.62,25,8,2023,12,4,12,0 
31.38 ,29.00 ,0.13 ,0.02 ,0 ,16.00 ,0.03 ,940.62,25,8,2023,12,4,12,0 
31.38 ,29.00 ,0.13 ,0.02 ,0 ,16.00 ,0.03 ,940.62,25,8,2023,12,4,12,0 
31.38 ,29.00 ,0.13 ,0.02 ,0 ,16.00 ,0.03 ,940.63,25,8,2023,12,4,12,0 
31.38 ,29.00 ,0.13 ,0.02 ,0 ,16.00 ,0.03 ,940.63,25,8,2023,12,4,12,0 
31.38 ,29.00 ,0.13 ,0.02 ,0 ,16.00 ,0.03 ,940.62,25,8,2023,12,4,12,0 
31.38 ,29.00 ,0.13 ,0.02 ,0 ,16.00 ,0.03 ,940.61,25,8,2023,12,4,12,0 
31.38 ,29.00 ,0.13 ,0.02 ,0 ,16.00 ,0.03 ,940.61,25,8,2023,12,4,12,0 
31.38 ,29.00 ,0.13 ,0.02 ,0 ,16.00 ,0.03 ,940.60,25,8,2023,12,4,13,0 
31.38 ,29.00 ,0.13 ,0.02 ,0 ,16.00 ,0.03 ,940.60,25,8,2023,12,4,13,0 
31.38 ,29.00 ,0.13 ,0.02 ,0 ,16.00 ,0.03 ,940.64,25,8,2023,12,4,13,0 
31.38 ,29.00 ,0.13 ,0.02 ,0 ,16.00 ,0.03 ,940.64,25,8,2023,12,4,13,0 
31.38 ,29.00 ,0.13 ,0.02 ,0 ,16.00 ,0.03 ,940.64,25,8,2023,12,4,13,0 
31.38 ,29.00 ,0.13 ,0.02 ,0 ,16.00 ,0.03 ,940.62,25,8,2023,12,4,13,0 
31.38 ,29.00 ,0.13 ,0.02 ,0 ,16.00 ,0.03 ,940.62,25,8,2023,12,4,13,0 
31.38 ,29.00 ,0.13 ,0.02 ,0 ,16.00 ,0.03 ,940.63,25,8,2023,12,4,13,0 
31.38 ,29.00 ,0.13 ,0.02 ,0 ,16.00 ,0.03 ,940.63,25,8,2023,12,4,13,0 
31.38 ,29.00 ,0.13 ,0.02 ,0 ,16.00 ,0.03 ,940.59,25,8,2023,12,4,13,0 
31.38 ,29.00 ,0.13 ,0.02 ,0 ,16.00 ,0.03 ,940.60,25,8,2023,12,4,13,0 
31.38 ,29.00 ,0.13 ,0.02 ,0 ,16.00 ,0.03 ,940.60,25,8,2023,12,4,13,0 
31.38 ,29.00 ,0.13 ,0.02 ,0 ,16.00 ,0.03 ,940.64,25,8,2023,12,4,13,0 
31.38 ,29.00 ,0.13 ,0.02 ,0 ,16.00 ,0.03 ,940.64,25,8,2023,12,4,13,0 
31.38 ,29.00 ,0.13 ,0.02 ,0 ,16.00 ,0.03 ,940.62,25,8,2023,12,4,13,0 
31.38 ,29.00 ,0.13 ,0.02 ,0 ,16.00 ,0.03 ,940.62,25,8,2023,12,4,13,0 
31.38 ,29.00 ,0.13 ,0.02 ,0 ,16.00 ,0.03 ,940.62,25,8,2023,12,4,13,0 
31.38 ,29.00 ,0.13 ,0.02 ,0 ,16.00 ,0.03 ,940.62,25,8,2023,12,4,14,0 
31.38 ,29.00 ,0.13 ,0.02 ,0 ,16.00 ,0.03 ,940.62,25,8,2023,12,4,14,0 
31.37 ,29.00 ,0.13 ,0.02 ,0 ,16.00 ,0.03 ,940.63,25,8,2023,12,4,14,0 
31.37 ,29.00 ,0.13 ,0.02 ,0 ,16.00 ,0.03 ,940.63,25,8,2023,12,4,14,0 
31.38 ,29.00 ,0.13 ,0.02 ,0 ,16.00 ,0.03 ,940.63,25,8,2023,12,4,14,0 
31.38 ,29.00 ,0.13 ,0.02 ,0 ,16.00 ,0.03 ,940.62,25,8,2023,12,4,14,0 
31.38 ,29.00 ,0.13 ,0.02 ,0 ,16.00 ,0.03 ,940.62,25,8,2023,12,4,14,0 
31.37 ,29.00 ,0.13 ,0.02 ,0 ,16.00 ,0.03 ,940.62,25,8,2023,12,4,14,0 
31.37 ,29.00 ,0.13 ,0.02 ,0 ,16.00 ,0.03 ,940.62,25,8,2023,12,4,14,0 
31.38 ,29.00 ,0.13 ,0.02 ,0 ,16.00 ,0.03 ,940.61,25,8,2023,12,4,14,0 
31.38 ,29.00 ,0.13 ,0.02 ,0 ,16.00 ,0.03 ,940.65,25,8,2023,12,4,14,0 
31.38 ,29.00 ,0.13 ,0.02 ,0 ,16.00 ,0.03 ,940.65,25,8,2023,12,4,14,0 
31.38 ,29.00 ,0.13 ,0.02 ,0 ,16.00 ,0.03 ,940.66,25,8,2023,12,4,14,0 
31.38 ,29.00 ,0.13 ,0.02 ,0 ,16.00 ,0.03 ,940.66,25,8,2023,12,4,14,0 
31.38 ,29.00 ,0.13 ,0.02 ,0 ,16.00 ,0.03 ,940.64,25,8,2023,12,4,14,0 
31.38 ,29.00 ,0.13 ,0.02 ,0 ,16.00 ,0.03 ,940.64,25,8,2023,12,4,14,0 
31.38 ,29.00 ,0.13 ,0.02 ,0 ,16.00 ,0.03 ,940.64,25,8,2023,12,4,14,0 
31.38 ,29.00 ,0.13 ,0.02 ,0 ,16.00 ,0.03 ,940.64,25,8,2023,12,4,15,0 
31.38 ,29.00 ,0.13 ,0.02 ,0 ,16.00 ,0.03 ,940.64,25,8,2023,12,4,15,0 
31.38 ,29.00 ,0.13 ,0.02 ,0 ,16.00 ,0.03 ,940.64,25,8,2023,12,4,15,0 
31.38 ,29.00 ,0.13 ,0.02 ,0 ,16.00 ,0.03 ,940.64,25,8,2023,12,4,15,0 
31.38 ,29.00 ,0.13 ,0.02 ,0 ,16.00 ,0.03 ,940.63,25,8,2023,12,4,15,0 
31.38 ,29.00 ,0.13 ,0.02 ,0 ,16.00 ,0.03 ,940.63,25,8,2023,12,4,15,0 
31.38 ,29.00 ,0.13 ,0.02 ,0 ,16.00 ,0.03 ,940.63,25,8,2023,12,4,15,0 
31.37 ,29.00 ,0.13 ,0.02 ,0 ,16.00 ,0.03 ,940.63,25,8,2023,12,4,15,0 
31.37 ,29.00 ,0.13 ,0.02 ,0 ,16.00 ,0.03 ,940.63,25,8,2023,12,4,15,0 
31.38 ,29.00 ,0.13 ,0.02 ,0 ,16.00 ,0.03 ,940.62,25,8,2023,12,4,15,0 
31.38 ,29.00 ,0.13 ,0.02 ,0 ,16.00 ,0.03 ,940.66,25,8,2023,12,4,15,0 
31.38 ,29.00 ,0.13 ,0.02 ,0 ,16.00 ,0.03 ,940.66,25,8,2023,12,4,15,0 
31.38 ,29.00 ,0.13 ,0.02 ,0 ,16.00 ,0.03 ,940.62,25,8,2023,12,4,15,0 
31.38 ,29.00 ,0.13 ,0.02 ,0 ,16.00 ,0.03 ,940.62,25,8,2023,12,4,15,0 
31.37 ,29.00 ,0.13 ,0.02 ,0 ,16.00 ,0.03 ,940.64,25,8,2023,12,4,15,0 
31.37 ,29.00 ,0.13 ,0.02 ,0 ,16.00 ,0.03 ,940.64,25,8,2023,12,4,15,0 
31.38 ,29.00 ,0.13 ,0.02 ,0 ,16.00 ,0.03 ,940.63,25,8,2023,12,4,15,0 
31.37 ,29.00 ,0.13 ,0.02 ,0 ,16.00 ,0.03 ,940.60,25,8,2023,12,4,15,0 
31.37 ,29.00 ,0.13 ,0.02 ,0 ,16.00 ,0.03 ,940.60,25,8,2023,12,4,16,0 
31.37 ,29.00 ,0.13 ,0.02 ,0 ,16.00 ,0.03 ,940.63,25,8,2023,12,4,16,0 
31.37 ,29.00 ,0.13 ,0.02 ,0 ,16.00 ,0.03 ,940.63,25,8,2023,12,4,16,0 
31.37 ,29.00 ,0.13 ,0.02 ,0 ,16.00 ,0.03 ,940.63,25,8,2023,12,4,16,0 
31.37 ,29.00 ,0.13 ,0.02 ,0 ,16.00 ,0.03 ,940.64,25,8,2023,12,4,16,0 
31.37 ,29.00 ,0.13 ,0.02 ,0 ,16.00 ,0.03 ,940.64,25,8,2023,12,4,16,0 
31.37 ,29.00 ,0.13 ,0.02 ,0 ,16.00 ,0.03 ,940.63,25,8,2023,12,4,16,0 
31.37 ,29.00 ,0.13 ,0.02 ,0 ,16.00 ,0.03 ,940.63,25,8,2023,12,4,16,0 
31.37 ,29.00 ,0.13 ,0.02 ,0 ,16.00 ,0.03 ,940.64,25,8,2023,12,4,16,0 
31.37 ,29.00 ,0.13 ,0.02 ,0 ,16.00 ,0.03 ,940.63,25,8,2023,12,4,16,0 
31.37 ,29.00 ,0.13 ,0.02 ,0 ,16.00 ,0.03 ,940.63,25,8,2023,12,4,16,0 
31.37 ,29.00 ,0.13 ,0.02 ,0 ,16.00 ,0.03 ,940.63,25,8,2023,12,4,16,0 
31.37 ,29.00 ,0.13 ,0.02 ,0 ,16.00 ,0.03 ,940.63,25,8,2023,12,4,16,0 
31.37 ,29.00 ,0.13 ,0.02 ,0 ,16.00 ,0.03 ,940.65,25,8,2023,12,4,16,0 
31.37 ,29.00 ,0.13 ,0.02 ,0 ,16.00 ,0.03 ,940.65,25,8,2023,12,4,16,0 
31.37 ,29.00 ,0.13 ,0.02 ,0 ,16.00 ,0.03 ,940.67,25,8,2023,12,4,16,0 
31.37 ,29.00 ,0.13 ,0.02 ,0 ,16.00 ,0.03 ,940.63,25,8,2023,12,4,16,0 
31.37 ,29.00 ,0.13 ,0.02 ,0 ,16.00 ,0.03 ,940.63,25,8,2023,12,4,17,0 
31.37 ,29.00 ,0.13 ,0.02 ,0 ,16.00 ,0.03 ,940.63,25,8,2023,12,4,17,0 
31.37 ,29.00 ,0.13 ,0.02 ,0 ,16.00 ,0.03 ,940.63,25,8,2023,12,4,17,0 
31.37 ,29.00 ,0.13 ,0.02 ,0 ,16.00 ,0.03 ,940.60,25,8,2023,12,4,17,0 
31.37 ,29.00 ,0.13 ,0.02 ,0 ,16.00 ,0.03 ,940.62,25,8,2023,12,4,17,0 
31.37 ,29.00 ,0.13 ,0.02 ,0 ,16.00 ,0.03 ,940.62,25,8,2023,12,4,17,0 
31.37 ,29.00 ,0.13 ,0.02 ,0 ,16.00 ,0.03 ,940.61,25,8,2023,12,4,17,0 
31.37 ,29.00 ,0.13 ,0.02 ,0 ,16.00 ,0.03 ,940.61,25,8,2023,12,4,17,0 
31.37 ,29.00 ,0.13 ,0.02 ,0 ,16.00 ,0.03 ,940.63,25,8,2023,12,4,17,0 
31.37 ,29.00 ,0.13 ,0.02 ,0 ,16.00 ,0.03 ,940.64,25,8,2023,12,4,17,0 
31.38 ,29.00 ,0.13 ,0.02 ,0 ,16.00 ,0.03 ,940.64,25,8,2023,12,4,17,0 
31.37 ,29.00 ,0.13 ,0.02 ,0 ,16.00 ,0.03 ,940.65,25,8,2023,12,4,17,0 
31.37 ,29.00 ,0.13 ,0.02 ,0 ,16.00 ,0.03 ,940.65,25,8,2023,12,4,17,0 
31.38 ,29.00 ,0.13 ,0.02 ,0 ,16.00 ,0.03 ,940.64,25,8,2023,12,4,17,0 
31.38 ,29.00 ,0.13 ,0.02 ,0 ,16.00 ,0.03 ,940.64,25,8,2023,12,4,17,0 
31.37 ,29.00 ,0.13 ,0.02 ,0 ,16.00 ,0.03 ,940.62,25,8,2023,12,4,17,0 
31.38 ,29.00 ,0.13 ,0.02 ,0 ,16.00 ,0.03 ,940.62,25,8,2023,12,4,17,0 
31.38 ,29.00 ,0.13 ,0.02 ,0 ,16.00 ,0.03 ,940.62,25,8,2023,12,4,17,0 
31.37 ,29.00 ,0.13 ,0.02 ,0 ,16.00 ,0.03 ,940.61,25,8,2023,12,4,18,0 
31.37 ,29.00 ,0.13 ,0.02 ,0 ,16.00 ,0.03 ,940.61,25,8,2023,12,4,18,0 
31.37 ,29.00 ,0.13 ,0.02 ,0 ,16.00 ,0.03 ,940.64,25,8,2023,12,4,18,0 
31.38 ,29.00 ,0.13 ,0.02 ,0 ,16.00 ,0.03 ,940.62,25,8,2023,12,4,18,0 
31.38 ,29.00 ,0.13 ,0.02 ,0 ,16.00 ,0.03 ,940.62,25,8,2023,12,4,18,0 
31.37 ,29.00 ,0.13 ,0.02 ,0 ,16.00 ,0.03 ,940.60,25,8,2023,12,4,18,0 
31.37 ,29.00 ,0.13 ,0.02 ,0 ,16.00 ,0.03 ,940.60,25,8,2023,12,4,18,0 
31.37 ,29.00 ,0.13 ,0.02 ,0 ,16.00 ,0.03 ,940.63,25,8,2023,12,4,18,0 
31.37 ,29.00 ,0.13 ,0.02 ,0 ,16.00 ,0.03 ,940.63,25,8,2023,12,4,18,0 
31.37 ,29.00 ,0.13 ,0.02 ,0 ,16.00 ,0.03 ,940.65,25,8,2023,12,4,18,0 
31.37 ,29.00 ,0.13 ,0.02 ,0 ,16.00 ,0.03 ,940.64,25,8,2023,12,4,18,0 
31.37 ,29.00 ,0.13 ,0.02 ,0 ,16.00 ,0.03 ,940.64,25,8,2023,12,4,18,0 
31.37 ,29.00 ,0.13 ,0.02 ,0 ,16.00 ,0.03 ,940.64,25,8,2023,12,4,18,0 
31.37 ,29.00 ,0.13 ,0.02 ,0 ,16.00 ,0.03 ,940.64,25,8,2023,12,4,18,0 
31.37 ,29.00 ,0.13 ,0.02 ,0 ,16.00 ,0.03 ,940.63,25,8,2023,12,4,18,0 
31.37 ,29.00 ,0.13 ,0.02 ,0 ,16.00 ,0.03 ,940.63,25,8,2023,12,4,18,0 
31.37 ,29.00 ,0.13 ,0.02 ,0 ,16.00 ,0.03 ,940.63,25,8,2023,12,4,18,0 
31.37 ,29.00 ,0.13 ,0.02 ,0 ,16.00 ,0.03 ,940.61,25,8,2023,12,4,19,0 
31.37 ,29.00 ,0.13 ,0.02 ,0 ,16.00 ,0.03 ,940.61,25,8,2023,12,4,19,0 
31.37 ,29.00 ,0.13 ,0.02 ,0 ,16.00 ,0.03 ,940.63,25,8,2023,12,4,19,0 
31.37 ,29.00 ,0.13 ,0.02 ,0 ,16.00 ,0.03 ,940.62,25,8,2023,12,4,19,0 
31.37 ,29.00 ,0.13 ,0.02 ,0 ,16.00 ,0.03 ,940.62,25,8,2023,12,4,19,0 
31.37 ,29.00 ,0.13 ,0.02 ,0 ,16.00 ,0.03 ,940.62,25,8,2023,12,4,19,0 
31.37 ,29.00 ,0.13 ,0.02 ,0 ,16.00 ,0.03 ,940.62,25,8,2023,12,4,19,0 
31.37 ,29.00 ,0.13 ,0.02 ,0 ,16.00 ,0.03 ,940.62,25,8,2023,12,4,19,0 
31.37 ,29.00 ,0.13 ,0.02 ,0 ,16.00 ,0.03 ,940.62,25,8,2023,12,4,19,0 
31.37 ,29.00 ,0.13 ,0.02 ,0 ,16.00 ,0.03 ,940.62,25,8,2023,12,4,19,0 
31.37 ,29.00 ,0.13 ,0.02 ,0 ,16.00 ,0.03 ,940.62,25,8,2023,12,4,19,0 
31.37 ,29.00 ,0.13 ,0.02 ,0 ,16.00 ,0.03 ,940.62,25,8,2023,12,4,19,0 
31.37 ,29.00 ,0.13 ,0.02 ,0 ,16.00 ,0.03 ,940.63,25,8,2023,12,4,19,0 
31.37 ,29.00 ,0.13 ,0.02 ,0 ,16.00 ,0.03 ,940.63,25,8,2023,12,4,19,0 
31.37 ,29.00 ,0.13 ,0.02 ,0 ,16.00 ,0.03 ,940.59,25,8,2023,12,4,19,0 
31.37 ,29.00 ,0.13 ,0.02 ,0 ,16.00 ,0.03 ,940.62,25,8,2023,12,4,19,0 
31.37 ,29.00 ,0.13 ,0.02 ,0 ,16.00 ,0.03 ,940.62,25,8,2023,12,4,19,0 
31.37 ,29.00 ,0.13 ,0.02 ,0 ,16.00 ,0.03 ,940.62,25,8,2023,12,4,19,0 
31.37 ,29.00 ,0.13 ,0.02 ,0 ,16.00 ,0.03 ,940.62,25,8,2023,12,4,20,0 
31.37 ,29.00 ,0.13 ,0.02 ,0 ,16.00 ,0.03 ,940.59,25,8,2023,12,4,20,0 
31.37 ,29.00 ,0.13 ,0.02 ,0 ,16.00 ,0.03 ,940.59,25,8,2023,12,4,20,0 
31.37 ,29.00 ,0.13 ,0.02 ,0 ,16.00 ,0.03 ,940.61,25,8,2023,12,4,20,0 
31.38 ,29.00 ,0.13 ,0.02 ,0 ,16.00 ,0.03 ,940.63,25,8,2023,12,4,20,0 
31.38 ,29.00 ,0.13 ,0.02 ,0 ,16.00 ,0.03 ,940.63,25,8,2023,12,4,20,0 
31.37 ,29.00 ,0.13 ,0.02 ,0 ,16.00 ,0.03 ,940.60,25,8,2023,12,4,20,0 
31.37 ,29.00 ,0.13 ,0.02 ,0 ,16.00 ,0.03 ,940.60,25,8,2023,12,4,20,0 
31.37 ,29.00 ,0.13 ,0.02 ,0 ,16.00 ,0.03 ,940.61,25,8,2023,12,4,20,0 
31.37 ,29.00 ,0.13 ,0.02 ,0 ,16.00 ,0.03 ,940.61,25,8,2023,12,4,20,0 
31.37 ,29.00 ,0.13 ,0.02 ,0 ,16.00 ,0.03 ,940.61,25,8,2023,12,4,20,0 
31.37 ,29.00 ,0.13 ,0.02 ,0 ,16.00 ,0.03 ,940.61,25,8,2023,12,4,20,0 
31.37 ,29.00 ,0.13 ,0.02 ,0 ,16.00 ,0.03 ,940.61,25,8,2023,12,4,20,0 
31.37 ,29.00 ,0.13 ,0.02 ,0 ,16.00 ,0.03 ,940.61,25,8,2023,12,4,20,0 
31.37 ,29.00 ,0.13 ,0.02 ,0 ,16.00 ,0.03 ,940.66,25,8,2023,12,4,20,0 
31.37 ,29.00 ,0.13 ,0.02 ,0 ,16.00 ,0.03 ,940.66,25,8,2023,12,4,20,0 
31.37 ,29.00 ,0.13 ,0.02 ,0 ,16.00 ,0.03 ,940.62,25,8,2023,12,4,20,0 
31.37 ,29.00 ,0.13 ,0.02 ,0 ,16.00 ,0.03 ,940.62,25,8,2023,12,4,21,0 
31.37 ,29.00 ,0.13 ,0.02 ,0 ,16.00 ,0.03 ,940.62,25,8,2023,12,4,21,0 
31.37 ,29.00 ,0.13 ,0.02 ,0 ,16.00 ,0.03 ,940.62,25,8,2023,12,4,21,0 
31.37 ,29.00 ,0.13 ,0.02 ,0 ,16.00 ,0.03 ,940.64,25,8,2023,12,4,21,0 
31.37 ,29.00 ,0.13 ,0.02 ,0 ,16.00 ,0.03 ,940.64,25,8,2023,12,4,21,0 
31.37 ,29.00 ,0.13 ,0.02 ,0 ,16.00 ,0.03 ,940.64,25,8,2023,12,4,21,0 
31.37 ,29.00 ,0.13 ,0.02 ,0 ,16.00 ,0.03 ,940.63,25,8,2023,12,4,21,0 
31.37 ,29.00 ,0.13 ,0.02 ,0 ,16.00 ,0.03 ,940.63,25,8,2023,12,4,21,0 
31.37 ,29.00 ,0.13 ,0.02 ,0 ,16.00 ,0.03 ,940.62,25,8,2023,12,4,21,0 
31.37 ,29.00 ,0.13 ,0.02 ,0 ,16.00 ,0.03 ,940.63,25,8,2023,12,4,21,0 
31.37 ,29.00 ,0.13 ,0.02 ,0 ,16.00 ,0.03 ,940.63,25,8,2023,12,4,21,0 
31.37 ,29.00 ,0.13 ,0.02 ,0 ,16.00 ,0.03 ,940.62,25,8,2023,12,4,21,0 
31.37 ,29.00 ,0.13 ,0.02 ,0 ,16.00 ,0.03 ,940.62,25,8,2023,12,4,21,0 
31.37 ,29.00 ,0.13 ,0.03 ,0 ,16.00 ,0.03 ,940.62,25,8,2023,12,4,21,0 
31.37 ,29.00 ,0.13 ,0.03 ,0 ,16.00 ,0.03 ,940.63,25,8,2023,12,4,21,0 
31.37 ,29.00 ,0.13 ,0.03 ,0 ,16.00 ,0.03 ,940.63,25,8,2023,12,4,21,0 
31.37 ,29.00 ,0.13 ,0.03 ,0 ,16.00 ,0.03 ,940.66,25,8,2023,12,4,21,0 
31.37 ,29.00 ,0.13 ,0.03 ,0 ,16.00 ,0.03 ,940.66,25,8,2023,12,4,22,0 
31.36 ,29.00 ,0.13 ,0.03 ,0 ,16.00 ,0.03 ,940.64,25,8,2023,12,4,22,0 
31.36 ,29.00 ,0.13 ,0.03 ,0 ,16.00 ,0.03 ,940.64,25,8,2023,12,4,22,0 
31.36 ,29.00 ,0.13 ,0.03 ,0 ,16.00 ,0.03 ,940.62,25,8,2023,12,4,22,0 
31.37 ,29.00 ,0.13 ,0.03 ,0 ,16.00 ,0.03 ,940.64,25,8,2023,12,4,22,0 
31.37 ,29.00 ,0.13 ,0.03 ,0 ,16.00 ,0.03 ,940.64,25,8,2023,12,4,22,0 
31.37 ,29.00 ,0.13 ,0.03 ,0 ,16.00 ,0.03 ,940.62,25,8,2023,12,4,22,0 
31.37 ,29.00 ,0.13 ,0.03 ,0 ,16.00 ,0.03 ,940.62,25,8,2023,12,4,22,0 
31.37 ,29.00 ,0.13 ,0.03 ,0 ,16.00 ,0.03 ,940.61,25,8,2023,12,4,22,0 
31.36 ,29.00 ,0.13 ,0.03 ,0 ,16.00 ,0.03 ,940.62,25,8,2023,12,4,22,0 
31.36 ,29.00 ,0.13 ,0.03 ,0 ,16.00 ,0.03 ,940.62,25,8,2023,12,4,22,0 
31.36 ,29.00 ,0.13 ,0.03 ,0 ,16.00 ,0.03 ,940.65,25,8,2023,12,4,22,0 
31.36 ,29.00 ,0.13 ,0.03 ,0 ,16.00 ,0.03 ,940.65,25,8,2023,12,4,22,0 
31.36 ,29.00 ,0.13 ,0.03 ,0 ,16.00 ,0.03 ,940.62,25,8,2023,12,4,22,0 
31.36 ,29.00 ,0.13 ,0.03 ,0 ,16.00 ,0.03 ,940.62,25,8,2023,12,4,22,0 
31.36 ,29.00 ,0.13 ,0.03 ,0 ,16.00 ,0.03 ,940.65,25,8,2023,12,4,22,0 
31.37 ,29.00 ,0.13 ,0.03 ,0 ,16.00 ,0.03 ,940.64,25,8,2023,12,4,22,0 
31.37 ,29.00 ,0.13 ,0.03 ,0 ,16.00 ,0.03 ,940.64,25,8,2023,12,4,22,0 
31.36 ,29.00 ,0.13 ,0.03 ,0 ,16.00 ,0.03 ,940.61,25,8,2023,12,4,23,0 
31.36 ,29.00 ,0.13 ,0.03 ,0 ,16.00 ,0.03 ,940.61,25,8,2023,12,4,23,0 
31.36 ,29.00 ,0.13 ,0.03 ,0 ,16.00 ,0.03 ,940.62,25,8,2023,12,4,23,0 
31.36 ,29.00 ,0.13 ,0.03 ,0 ,16.00 ,0.03 ,940.64,25,8,2023,12,4,23,0 
31.36 ,29.00 ,0.13 ,0.03 ,0 ,16.00 ,0.03 ,940.64,25,8,2023,12,4,23,0 
31.36 ,29.00 ,0.13 ,0.03 ,0 ,16.00 ,0.03 ,940.63,25,8,2023,12,4,23,0 
31.36 ,29.00 ,0.13 ,0.03 ,0 ,16.00 ,0.03 ,940.63,25,8,2023,12,4,23,0 
31.36 ,29.00 ,0.13 ,0.03 ,0 ,16.00 ,0.03 ,940.63,25,8,2023,12,4,23,0 
31.36 ,29.00 ,0.13 ,0.03 ,0 ,16.00 ,0.03 ,940.63,25,8,2023,12,4,23,0 
31.36 ,29.00 ,0.13 ,0.03 ,0 ,16.00 ,0.03 ,940.63,25,8,2023,12,4,23,0 
31.36 ,29.00 ,0.13 ,0.03 ,0 ,16.00 ,0.03 ,940.65,25,8,2023,12,4,23,0 
31.36 ,29.00 ,0.13 ,0.03 ,0 ,16.00 ,0.03 ,940.65,25,8,2023,12,4,23,0 
31.36 ,29.00 ,0.13 ,0.03 ,0 ,16.00 ,0.03 ,940.65,25,8,2023,12,4,23,0 
31.36 ,29.00 ,0.13 ,0.03 ,0 ,16.00 ,0.03 ,940.65,25,8,2023,12,4,23,0 
31.37 ,29.00 ,0.13 ,0.03 ,0 ,16.00 ,0.03 ,940.64,25,8,2023,12,4,23,0 
31.37 ,29.00 ,0.13 ,0.03 ,0 ,16.00 ,0.03 ,940.66,25,8,2023,12,4,23,0 
31.37 ,29.00 ,0.13 ,0.03 ,0 ,16.00 ,0.03 ,940.66,25,8,2023,12,4,23,0 
31.36 ,29.00 ,0.13 ,0.03 ,0 ,16.00 ,0.03 ,940.63,25,8,2023,12,4,24,0 
31.36 ,29.00 ,0.13 ,0.03 ,0 ,16.00 ,0.03 ,940.63,25,8,2023,12,4,24,0 
31.36 ,29.00 ,0.13 ,0.03 ,0 ,16.00 ,0.03 ,940.65,25,8,2023,12,4,24,0 
31.36 ,29.00 ,0.13 ,0.03 ,0 ,16.00 ,0.03 ,940.63,25,8,2023,12,4,24,0 
31.36 ,29.00 ,0.13 ,0.03 ,0 ,16.00 ,0.03 ,940.63,25,8,2023,12,4,24,0 
31.36 ,29.00 ,0.13 ,0.03 ,0 ,16.00 ,0.03 ,940.62,25,8,2023,12,4,24,0 
31.36 ,29.00 ,0.13 ,0.03 ,0 ,16.00 ,0.03 ,940.62,25,8,2023,12,4,24,0 
31.36 ,29.00 ,0.13 ,0.03 ,0 ,16.00 ,0.03 ,940.62,25,8,2023,12,4,24,0 
31.36 ,29.00 ,0.13 ,0.03 ,0 ,16.00 ,0.03 ,940.62,25,8,2023,12,4,24,0 
31.36 ,29.00 ,0.13 ,0.03 ,0 ,16.00 ,0.03 ,940.65,25,8,2023,12,4,24,0 
31.36 ,29.00 ,0.13 ,0.03 ,0 ,16.00 ,0.03 ,940.62,25,8,2023,12,4,24,0 
31.36 ,29.00 ,0.13 ,0.03 ,0 ,16.00 ,0.03 ,940.62,25,8,2023,12,4,24,0 
31.37 ,29.00 ,0.13 ,0.03 ,0 ,16.00 ,0.03 ,940.63,25,8,2023,12,4,24,0 
31.37 ,29.00 ,0.13 ,0.03 ,0 ,16.00 ,0.03 ,940.63,25,8,2023,12,4,24,0 
31.36 ,29.00 ,0.13 ,0.03 ,0 ,16.00 ,0.03 ,940.61,25,8,2023,12,4,24,0 
31.36 ,29.00 ,0.13 ,0.03 ,0 ,16.00 ,0.03 ,940.62,25,8,2023,12,4,24,0 
31.36 ,29.00 ,0.13 ,0.03 ,0 ,16.00 ,0.03 ,940.62,25,8,2023,12,4,24,0 
31.36 ,29.00 ,0.13 ,0.03 ,0 ,16.00 ,0.03 ,940.65,25,8,2023,12,4,24,0 
31.36 ,29.00 ,0.13 ,0.03 ,0 ,16.00 ,0.03 ,940.65,25,8,2023,12,4,25,0 
31.36 ,29.00 ,0.13 ,0.03 ,0 ,16.00 ,0.03 ,940.64,25,8,2023,12,4,25,0 
31.36 ,29.00 ,0.13 ,0.03 ,0 ,16.00 ,0.03 ,940.64,25,8,2023,12,4,25,0 
31.36 ,29.00 ,0.13 ,0.03 ,0 ,16.00 ,0.03 ,940.64,25,8,2023,12,4,25,0 
31.37 ,29.00 ,0.13 ,0.03 ,0 ,16.00 ,0.03 ,940.64,25,8,2023,12,4,25,0 
31.37 ,29.00 ,0.13 ,0.03 ,0 ,16.00 ,0.03 ,940.64,25,8,2023,12,4,25,0 
31.37 ,29.00 ,0.13 ,0.03 ,0 ,16.00 ,0.03 ,940.66,25,8,2023,12,4,25,0 
31.37 ,29.00 ,0.13 ,0.03 ,0 ,16.00 ,0.03 ,940.66,25,8,2023,12,4,25,0 
31.37 ,29.00 ,0.13 ,0.03 ,0 ,16.00 ,0.03 ,940.63,25,8,2023,12,4,25,0 
31.37 ,29.00 ,0.13 ,0.03 ,0 ,16.00 ,0.03 ,940.63,25,8,2023,12,4,25,0 
31.37 ,29.00 ,0.13 ,0.03 ,0 ,16.00 ,0.03 ,940.63,25,8,2023,12,4,25,0 
31.36 ,29.00 ,0.13 ,0.03 ,0 ,16.00 ,0.03 ,940.63,25,8,2023,12,4,25,0 
31.36 ,29.00 ,0.13 ,0.03 ,0 ,16.00 ,0.03 ,940.63,25,8,2023,12,4,25,0 
31.36 ,29.00 ,0.13 ,0.03 ,0 ,16.00 ,0.03 ,940.64,25,8,2023,12,4,25,0 
31.36 ,29.00 ,0.13 ,0.03 ,0 ,16.00 ,0.03 ,940.63,25,8,2023,12,4,25,0 
31.36 ,29.00 ,0.13 ,0.03 ,0 ,16.00 ,0.03 ,940.63,25,8,2023,12,4,25,0 
31.37 ,29.00 ,0.13 ,0.03 ,0 ,16.00 ,0.03 ,940.65,25,8,2023,12,4,25,0 
31.37 ,29.00 ,0.13 ,0.03 ,0 ,16.00 ,0.03 ,940.65,25,8,2023,12,4,26,0 
31.37 ,29.00 ,0.13 ,0.03 ,0 ,16.00 ,0.03 ,940.67,25,8,2023,12,4,26,0 
31.37 ,29.00 ,0.13 ,0.03 ,0 ,16.00 ,0.03 ,940.64,25,8,2023,12,4,26,0 
31.37 ,29.00 ,0.13 ,0.03 ,0 ,16.00 ,0.03 ,940.64,25,8,2023,12,4,26,0 
31.37 ,29.00 ,0.13 ,0.03 ,0 ,16.00 ,0.03 ,940.64,25,8,2023,12,4,26,0 
31.37 ,29.00 ,0.13 ,0.03 ,0 ,16.00 ,0.03 ,940.64,25,8,2023,12,4,26,0 
31.37 ,29.00 ,0.13 ,0.03 ,0 ,16.00 ,0.03 ,940.65,25,8,2023,12,4,26,0 
31.37 ,29.00 ,0.13 ,0.03 ,0 ,16.00 ,0.03 ,940.65,25,8,2023,12,4,26,0 
31.37 ,29.00 ,0.13 ,0.03 ,0 ,16.00 ,0.03 ,940.65,25,8,2023,12,4,26,0 
31.37 ,29.00 ,0.13 ,0.03 ,0 ,16.00 ,0.03 ,940.62,25,8,2023,12,4,26,0 
31.37 ,29.00 ,0.13 ,0.03 ,0 ,16.00 ,0.03 ,940.62,25,8,2023,12,4,26,0 
31.37 ,29.00 ,0.13 ,0.03 ,0 ,16.00 ,0.03 ,940.64,25,8,2023,12,4,26,0 
31.37 ,29.00 ,0.13 ,0.03 ,0 ,16.00 ,0.03 ,940.64,25,8,2023,12,4,26,0 
31.37 ,29.00 ,0.13 ,0.03 ,0 ,16.00 ,0.03 ,940.64,25,8,2023,12,4,26,0 
31.36 ,29.00 ,0.13 ,0.03 ,0 ,16.00 ,0.03 ,940.64,25,8,2023,12,4,26,0 
31.36 ,29.00 ,0.13 ,0.03 ,0 ,16.00 ,0.03 ,940.64,25,8,2023,12,4,26,0 
31.37 ,29.00 ,0.13 ,0.03 ,0 ,16.00 ,0.03 ,940.64,25,8,2023,12,4,26,0 
31.37 ,29.00 ,0.13 ,0.03 ,0 ,16.00 ,0.03 ,940.64,25,8,2023,12,4,26,0 
31.37 ,29.00 ,0.13 ,0.03 ,0 ,16.00 ,0.03 ,940.65,25,8,2023,12,4,27,0 
31.37 ,29.00 ,0.13 ,0.03 ,0 ,16.00 ,0.03 ,940.65,25,8,2023,12,4,27,0 
31.37 ,29.00 ,0.13 ,0.03 ,0 ,16.00 ,0.03 ,940.63,25,8,2023,12,4,27,0 
31.37 ,29.00 ,0.13 ,0.03 ,0 ,16.00 ,0.03 ,940.63,25,8,2023,12,4,27,0 
31.37 ,29.00 ,0.13 ,0.03 ,0 ,16.00 ,0.03 ,940.63,25,8,2023,12,4,27,0 
31.37 ,29.00 ,0.13 ,0.03 ,0 ,16.00 ,0.03 ,940.63,25,8,2023,12,4,27,0 
31.37 ,29.00 ,0.13 ,0.03 ,0 ,16.00 ,0.03 ,940.63,25,8,2023,12,4,27,0 
31.36 ,29.00 ,0.13 ,0.03 ,0 ,16.00 ,0.03 ,940.64,25,8,2023,12,4,27,0 
31.36 ,29.00 ,0.13 ,0.03 ,0 ,16.00 ,0.03 ,940.64,25,8,2023,12,4,27,0 
31.36 ,29.00 ,0.13 ,0.03 ,0 ,16.00 ,0.03 ,940.64,25,8,2023,12,4,27,0 
31.36 ,29.00 ,0.13 ,0.03 ,0 ,16.00 ,0.03 ,940.65,25,8,2023,12,4,27,0 
31.36 ,29.00 ,0.13 ,0.03 ,0 ,16.00 ,0.03 ,940.65,25,8,2023,12,4,27,0 
31.37 ,29.00 ,0.13 ,0.03 ,0 ,16.00 ,0.03 ,940.66,25,8,2023,12,4,27,0 
31.37 ,29.00 ,0.13 ,0.03 ,0 ,16.00 ,0.03 ,940.66,25,8,2023,12,4,27,0 
31.37 ,29.00 ,0.13 ,0.03 ,0 ,16.00 ,0.03 ,940.66,25,8,2023,12,4,27,0 
31.37 ,29.00 ,0.13 ,0.03 ,0 ,16.00 ,0.03 ,940.65,25,8,2023,12,4,27,0 
31.37 ,29.00 ,0.13 ,0.03 ,0 ,16.00 ,0.03 ,940.65,25,8,2023,12,4,27,0 
31.37 ,29.00 ,0.13 ,0.03 ,0 ,16.00 ,0.03 ,940.62,25,8,2023,12,4,28,0 
31.37 ,29.00 ,0.13 ,0.03 ,0 ,16.00 ,0.03 ,940.62,25,8,2023,12,4,28,0 
31.37 ,29.00 ,0.13 ,0.03 ,0 ,16.00 ,0.03 ,940.63,25,8,2023,12,4,28,0 
31.36 ,29.00 ,0.13 ,0.03 ,0 ,16.00 ,0.03 ,940.63,25,8,2023,12,4,28,0 
31.36 ,29.00 ,0.13 ,0.03 ,0 ,16.00 ,0.03 ,940.63,25,8,2023,12,4,28,0 
31.37 ,29.00 ,0.13 ,0.03 ,0 ,16.00 ,0.03 ,940.63,25,8,2023,12,4,28,0 
31.37 ,29.00 ,0.13 ,0.03 ,0 ,16.00 ,0.03 ,940.63,25,8,2023,12,4,28,0 
31.37 ,29.00 ,0.13 ,0.03 ,0 ,16.00 ,0.03 ,940.62,25,8,2023,12,4,28,0 
31.37 ,29.00 ,0.13 ,0.03 ,0 ,16.00 ,0.03 ,940.64,25,8,2023,12,4,28,0 
31.37 ,29.00 ,0.13 ,0.03 ,0 ,16.00 ,0.03 ,940.64,25,8,2023,12,4,28,0 
31.37 ,29.00 ,0.13 ,0.03 ,0 ,16.00 ,0.03 ,940.65,25,8,2023,12,4,28,0 
31.37 ,29.00 ,0.13 ,0.03 ,0 ,16.00 ,0.03 ,940.65,25,8,2023,12,4,28,0 
31.37 ,29.00 ,0.13 ,0.03 ,0 ,16.00 ,0.03 ,940.64,25,8,2023,12,4,28,0 
31.37 ,29.00 ,0.13 ,0.03 ,0 ,16.00 ,0.03 ,940.65,25,8,2023,12,4,28,0 
31.37 ,29.00 ,0.13 ,0.03 ,0 ,16.00 ,0.03 ,940.65,25,8,2023,12,4,28,0 
31.37 ,29.00 ,0.13 ,0.03 ,0 ,16.00 ,0.03 ,940.64,25,8,2023,12,4,28,0 
31.37 ,29.00 ,0.13 ,0.03 ,0 ,16.00 ,0.03 ,940.64,25,8,2023,12,4,28,0 
31.37 ,29.00 ,0.13 ,0.03 ,0 ,16.00 ,0.03 ,940.65,25,8,2023,12,4,29,0 
31.37 ,29.00 ,0.13 ,0.03 ,0 ,16.00 ,0.03 ,940.65,25,8,2023,12,4,29,0 
31.37 ,29.00 ,0.13 ,0.03 ,0 ,16.00 ,0.03 ,940.64,25,8,2023,12,4,29,0 
31.37 ,29.00 ,0.13 ,0.03 ,0 ,16.00 ,0.03 ,940.64,25,8,2023,12,4,29,0 
31.37 ,29.00 ,0.13 ,0.03 ,0 ,16.00 ,0.03 ,940.64,25,8,2023,12,4,29,0 
31.37 ,29.00 ,0.13 ,0.03 ,0 ,16.00 ,0.03 ,940.65,25,8,2023,12,4,29,0 
31.37 ,29.00 ,0.13 ,0.03 ,0 ,16.00 ,0.03 ,940.65,25,8,2023,12,4,29,0 
31.37 ,29.00 ,0.13 ,0.03 ,0 ,16.00 ,0.03 ,940.64,25,8,2023,12,4,29,0 
31.37 ,29.00 ,0.13 ,0.03 ,0 ,16.00 ,0.03 ,940.65,25,8,2023,12,4,29,0 
31.37 ,29.00 ,0.13 ,0.03 ,0 ,16.00 ,0.03 ,940.65,25,8,2023,12,4,29,0 
31.37 ,29.00 ,0.13 ,0.03 ,0 ,16.00 ,0.03 ,940.65,25,8,2023,12,4,29,0 
31.37 ,29.00 ,0.13 ,0.03 ,0 ,16.00 ,0.03 ,940.65,25,8,2023,12,4,29,0 
31.36 ,29.00 ,0.13 ,0.03 ,0 ,16.00 ,0.03 ,940.63,25,8,2023,12,4,29,0 
31.36 ,29.00 ,0.13 ,0.03 ,0 ,16.00 ,0.03 ,940.63,25,8,2023,12,4,29,0 
31.37 ,29.00 ,0.13 ,0.03 ,0 ,16.00 ,0.03 ,940.63,25,8,2023,12,4,29,0 
31.37 ,29.00 ,0.13 ,0.03 ,0 ,16.00 ,0.03 ,940.66,25,8,2023,12,4,29,0 
31.37 ,29.00 ,0.13 ,0.03 ,0 ,16.00 ,0.03 ,940.66,25,8,2023,12,4,29,0 
31.37 ,29.00 ,0.13 ,0.03 ,0 ,16.00 ,0.03 ,940.65,25,8,2023,12,4,29,0 
31.37 ,29.00 ,0.13 ,0.03 ,0 ,16.00 ,0.03 ,940.65,25,8,2023,12,4,30,0 
31.37 ,29.00 ,0.13 ,0.03 ,0 ,16.00 ,0.03 ,940.64,25,8,2023,12,4,30,0 
31.37 ,29.00 ,0.13 ,0.03 ,0 ,16.00 ,0.03 ,940.63,25,8,2023,12,4,30,0 
31.37 ,29.00 ,0.13 ,0.03 ,0 ,16.00 ,0.03 ,940.63,25,8,2023,12,4,30,0 
31.37 ,29.00 ,0.13 ,0.03 ,0 ,16.00 ,0.03 ,940.63,25,8,2023,12,4,30,0 
31.37 ,29.00 ,0.13 ,0.03 ,0 ,16.00 ,0.03 ,940.63,25,8,2023,12,4,30,0 
31.37 ,29.00 ,0.13 ,0.03 ,0 ,16.00 ,0.03 ,940.63,25,8,2023,12,4,30,0 
31.37 ,29.00 ,0.13 ,0.03 ,0 ,16.00 ,0.03 ,940.64,25,8,2023,12,4,30,0 
31.37 ,29.00 ,0.13 ,0.03 ,0 ,16.00 ,0.03 ,940.65,25,8,2023,12,4,30,0 
31.37 ,29.00 ,0.13 ,0.03 ,0 ,16.00 ,0.03 ,940.65,25,8,2023,12,4,30,0 
31.37 ,29.00 ,0.13 ,0.03 ,0 ,16.00 ,0.03 ,940.65,25,8,2023,12,4,30,0 
31.37 ,29.00 ,0.13 ,0.03 ,0 ,16.00 ,0.03 ,940.63,25,8,2023,12,4,30,0 
31.37 ,29.00 ,0.13 ,0.03 ,0 ,16.00 ,0.03 ,940.63,25,8,2023,12,4,30,0 
31.37 ,29.00 ,0.13 ,0.03 ,0 ,16.00 ,0.03 ,940.62,25,8,2023,12,4,30,0 
31.37 ,29.00 ,0.13 ,0.03 ,0 ,16.00 ,0.03 ,940.65,25,8,2023,12,4,30,0 
31.37 ,29.00 ,0.13 ,0.03 ,0 ,16.00 ,0.03 ,940.65,25,8,2023,12,4,30,0 
31.37 ,29.00 ,0.13 ,0.03 ,0 ,16.00 ,0.03 ,940.65,25,8,2023,12,4,30,0 
31.37 ,29.00 ,0.13 ,0.03 ,0 ,16.00 ,0.03 ,940.65,25,8,2023,12,4,31,0 
31.37 ,29.00 ,0.13 ,0.03 ,0 ,16.00 ,0.03 ,940.63,25,8,2023,12,4,31,0 
31.37 ,29.00 ,0.13 ,0.03 ,0 ,16.00 ,0.03 ,940.63,25,8,2023,12,4,31,0 
31.37 ,29.00 ,0.13 ,0.03 ,0 ,16.00 ,0.03 ,940.63,25,8,2023,12,4,31,0 
31.37 ,29.00 ,0.13 ,0.03 ,0 ,16.00 ,0.03 ,940.64,25,8,2023,12,4,31,0 
31.37 ,29.00 ,0.13 ,0.03 ,0 ,16.00 ,0.03 ,940.64,25,8,2023,12,4,31,0 
31.37 ,29.00 ,0.13 ,0.03 ,0 ,16.00 ,0.03 ,940.67,25,8,2023,12,4,31,0 
31.37 ,29.00 ,0.13 ,0.03 ,0 ,16.00 ,0.03 ,940.67,25,8,2023,12,4,31,0 
31.37 ,29.00 ,0.13 ,0.03 ,0 ,16.00 ,0.03 ,940.66,25,8,2023,12,4,31,0 
31.37 ,29.00 ,0.13 ,0.03 ,0 ,16.00 ,0.03 ,940.63,25,8,2023,12,4,31,0 
31.37 ,29.00 ,0.13 ,0.03 ,0 ,16.00 ,0.03 ,940.63,25,8,2023,12,4,31,0 
31.37 ,29.00 ,0.13 ,0.03 ,0 ,16.00 ,0.03 ,940.62,25,8,2023,12,4,31,0 
31.37 ,29.00 ,0.13 ,0.03 ,0 ,16.00 ,0.03 ,940.62,25,8,2023,12,4,31,0 
31.37 ,29.00 ,0.13 ,0.03 ,0 ,16.00 ,0.03 ,940.63,25,8,2023,12,4,31,0 
31.37 ,29.00 ,0.13 ,0.03 ,0 ,16.00 ,0.03 ,940.61,25,8,2023,12,4,31,0 
31.37 ,29.00 ,0.13 ,0.03 ,0 ,16.00 ,0.03 ,940.61,25,8,2023,12,4,31,0 
31.37 ,29.00 ,0.13 ,0.03 ,0 ,16.00 ,0.03 ,940.65,25,8,2023,12,4,31,0 
31.37 ,29.00 ,0.13 ,0.03 ,0 ,16.00 ,0.03 ,940.65,25,8,2023,12,4,31,0 
31.37 ,29.00 ,0.13 ,0.03 ,0 ,16.00 ,0.03 ,940.65,25,8,2023,12,4,32,0 
31.37 ,29.00 ,0.13 ,0.03 ,0 ,16.00 ,0.03 ,940.63,25,8,2023,12,4,32,0 
31.37 ,29.00 ,0.13 ,0.03 ,0 ,16.00 ,0.03 ,940.63,25,8,2023,12,4,32,0 
31.37 ,29.00 ,0.13 ,0.03 ,0 ,16.00 ,0.03 ,940.66,25,8,2023,12,4,32,0 
31.37 ,29.00 ,0.13 ,0.03 ,0 ,16.00 ,0.03 ,940.66,25,8,2023,12,4,32,0 
31.37 ,29.00 ,0.13 ,0.03 ,0 ,16.00 ,0.03 ,940.65,25,8,2023,12,4,32,0 
31.37 ,29.00 ,0.13 ,0.03 ,0 ,16.00 ,0.03 ,940.65,25,8,2023,12,4,32,0 
31.37 ,29.00 ,0.13 ,0.03 ,0 ,16.00 ,0.03 ,940.65,25,8,2023,12,4,32,0 
31.37 ,29.00 ,0.13 ,0.03 ,0 ,16.00 ,0.03 ,940.65,25,8,2023,12,4,32,0 
31.37 ,29.00 ,0.13 ,0.03 ,0 ,16.00 ,0.03 ,940.65,25,8,2023,12,4,32,0 
31.37 ,29.00 ,0.13 ,0.03 ,0 ,16.00 ,0.03 ,940.65,25,8,2023,12,4,32,0 
31.37 ,29.00 ,0.13 ,0.03 ,0 ,16.00 ,0.03 ,940.65,25,8,2023,12,4,32,0 
31.37 ,29.00 ,0.13 ,0.03 ,0 ,16.00 ,0.03 ,940.67,25,8,2023,12,4,32,0 
31.37 ,29.00 ,0.13 ,0.03 ,0 ,16.00 ,0.03 ,940.63,25,8,2023,12,4,32,0 
31.37 ,29.00 ,0.13 ,0.03 ,0 ,16.00 ,0.03 ,940.63,25,8,2023,12,4,32,0 
31.37 ,29.00 ,0.13 ,0.03 ,0 ,16.00 ,0.03 ,940.63,25,8,2023,12,4,32,0 
31.37 ,29.00 ,0.13 ,0.03 ,0 ,16.00 ,0.03 ,940.63,25,8,2023,12,4,32,0 
31.37 ,29.00 ,0.13 ,0.03 ,0 ,16.00 ,0.03 ,940.66,25,8,2023,12,4,33,0 
31.37 ,29.00 ,0.13 ,0.03 ,0 ,16.00 ,0.03 ,940.64,25,8,2023,12,4,33,0 
31.37 ,29.00 ,0.13 ,0.03 ,0 ,16.00 ,0.03 ,940.64,25,8,2023,12,4,33,0 
31.37 ,29.00 ,0.13 ,0.03 ,0 ,16.00 ,0.03 ,940.65,25,8,2023,12,4,33,0 
31.37 ,29.00 ,0.13 ,0.03 ,0 ,16.00 ,0.03 ,940.65,25,8,2023,12,4,33,0 
31.37 ,29.00 ,0.13 ,0.03 ,0 ,16.00 ,0.03 ,940.63,25,8,2023,12,4,33,0 
31.37 ,29.00 ,0.13 ,0.03 ,0 ,16.00 ,0.03 ,940.63,25,8,2023,12,4,33,0 
31.37 ,29.00 ,0.13 ,0.03 ,0 ,16.00 ,0.03 ,940.65,25,8,2023,12,4,33,0 
31.37 ,29.00 ,0.13 ,0.03 ,0 ,16.00 ,0.03 ,940.66,25,8,2023,12,4,33,0 
31.37 ,29.00 ,0.13 ,0.03 ,0 ,16.00 ,0.03 ,940.66,25,8,2023,12,4,33,0 
31.37 ,29.00 ,0.13 ,0.03 ,0 ,16.00 ,0.03 ,940.63,25,8,2023,12,4,33,0 
31.37 ,29.00 ,0.13 ,0.03 ,0 ,16.00 ,0.03 ,940.63,25,8,2023,12,4,33,0 
31.37 ,29.00 ,0.13 ,0.03 ,0 ,16.00 ,0.03 ,940.65,25,8,2023,12,4,33,0 
31.37 ,29.00 ,0.13 ,0.03 ,0 ,16.00 ,0.03 ,940.68,25,8,2023,12,4,33,0 
31.37 ,29.00 ,0.13 ,0.03 ,0 ,16.00 ,0.03 ,940.68,25,8,2023,12,4,33,0 
31.37 ,29.00 ,0.13 ,0.03 ,0 ,16.00 ,0.03 ,940.68,25,8,2023,12,4,33,0 
31.37 ,29.00 ,0.13 ,0.03 ,0 ,16.00 ,0.03 ,940.68,25,8,2023,12,4,33,0 
31.37 ,29.00 ,0.13 ,0.03 ,0 ,16.00 ,0.03 ,940.65,25,8,2023,12,4,33,0 
31.37 ,29.00 ,0.13 ,0.03 ,0 ,16.00 ,0.03 ,940.65,25,8,2023,12,4,34,0 
31.37 ,29.00 ,0.13 ,0.03 ,0 ,16.00 ,0.03 ,940.64,25,8,2023,12,4,34,0 
31.37 ,29.00 ,0.13 ,0.03 ,0 ,16.00 ,0.03 ,940.66,25,8,2023,12,4,34,0 
31.37 ,29.00 ,0.13 ,0.03 ,0 ,16.00 ,0.03 ,940.66,25,8,2023,12,4,34,0 
31.37 ,29.00 ,0.13 ,0.03 ,0 ,16.00 ,0.03 ,940.67,25,8,2023,12,4,34,0 
31.37 ,29.00 ,0.13 ,0.03 ,0 ,16.00 ,0.03 ,940.67,25,8,2023,12,4,34,0 
31.37 ,29.00 ,0.13 ,0.03 ,0 ,16.00 ,0.03 ,940.64,25,8,2023,12,4,34,0 
31.38 ,29.00 ,0.13 ,0.03 ,0 ,16.00 ,0.03 ,940.67,25,8,2023,12,4,34,0 
31.38 ,29.00 ,0.13 ,0.03 ,0 ,16.00 ,0.03 ,940.67,25,8,2023,12,4,34,0 
31.37 ,29.00 ,0.13 ,0.03 ,0 ,16.00 ,0.03 ,940.69,25,8,2023,12,4,34,0 
31.37 ,29.00 ,0.13 ,0.03 ,0 ,16.00 ,0.03 ,940.69,25,8,2023,12,4,34,0 
31.37 ,29.00 ,0.13 ,0.03 ,0 ,16.00 ,0.03 ,940.65,25,8,2023,12,4,34,0 
31.37 ,29.00 ,0.13 ,0.03 ,0 ,16.00 ,0.03 ,940.64,25,8,2023,12,4,34,0 
31.37 ,29.00 ,0.13 ,0.03 ,0 ,16.00 ,0.03 ,940.64,25,8,2023,12,4,34,0 
31.38 ,29.00 ,0.13 ,0.03 ,0 ,16.00 ,0.03 ,940.65,25,8,2023,12,4,34,0 
31.38 ,29.00 ,0.13 ,0.03 ,0 ,16.00 ,0.03 ,940.65,25,8,2023,12,4,34,0 
31.38 ,29.00 ,0.13 ,0.03 ,0 ,16.00 ,0.03 ,940.69,25,8,2023,12,4,34,0 
31.38 ,29.00 ,0.13 ,0.03 ,0 ,16.00 ,0.03 ,940.69,25,8,2023,12,4,35,0 
31.37 ,29.00 ,0.13 ,0.03 ,0 ,16.00 ,0.03 ,940.63,25,8,2023,12,4,35,0 
31.37 ,29.00 ,0.13 ,0.03 ,0 ,16.00 ,0.03 ,940.64,25,8,2023,12,4,35,0 
31.37 ,29.00 ,0.13 ,0.03 ,0 ,16.00 ,0.03 ,940.64,25,8,2023,12,4,35,0 
31.37 ,29.00 ,0.13 ,0.03 ,0 ,16.00 ,0.03 ,940.65,25,8,2023,12,4,35,0 
31.37 ,29.00 ,0.13 ,0.03 ,0 ,16.00 ,0.03 ,940.65,25,8,2023,12,4,35,0 
31.37 ,29.00 ,0.13 ,0.03 ,0 ,16.00 ,0.03 ,940.64,25,8,2023,12,4,35,0 
31.37 ,29.00 ,0.13 ,0.03 ,0 ,16.00 ,0.03 ,940.64,25,8,2023,12,4,35,0 
31.37 ,29.00 ,0.13 ,0.03 ,0 ,16.00 ,0.03 ,940.64,25,8,2023,12,4,35,0 
31.37 ,29.00 ,0.13 ,0.02 ,0 ,16.00 ,0.03 ,940.66,25,8,2023,12,4,35,0 
31.37 ,29.00 ,0.13 ,0.02 ,0 ,16.00 ,0.03 ,940.66,25,8,2023,12,4,35,0 
31.37 ,29.00 ,0.13 ,0.02 ,0 ,16.00 ,0.03 ,940.63,25,8,2023,12,4,35,0 
31.37 ,29.00 ,0.13 ,0.02 ,0 ,16.00 ,0.03 ,940.65,25,8,2023,12,4,35,0 
31.37 ,29.00 ,0.13 ,0.02 ,0 ,16.00 ,0.03 ,940.65,25,8,2023,12,4,35,0 
31.37 ,29.00 ,0.13 ,0.02 ,0 ,16.00 ,0.03 ,940.63,25,8,2023,12,4,35,0 
31.37 ,29.00 ,0.13 ,0.02 ,0 ,16.00 ,0.03 ,940.63,25,8,2023,12,4,35,0 
31.37 ,29.00 ,0.13 ,0.02 ,0 ,16.00 ,0.03 ,940.65,25,8,2023,12,4,35,0 
31.37 ,29.00 ,0.13 ,0.02 ,0 ,16.00 ,0.03 ,940.65,25,8,2023,12,4,35,0 
31.37 ,29.00 ,0.13 ,0.02 ,0 ,16.00 ,0.03 ,940.62,25,8,2023,12,4,36,0 
31.37 ,29.00 ,0.13 ,0.02 ,0 ,16.00 ,0.03 ,940.65,25,8,2023,12,4,36,0 
31.37 ,29.00 ,0.13 ,0.02 ,0 ,16.00 ,0.03 ,940.65,25,8,2023,12,4,36,0 
31.37 ,29.00 ,0.13 ,0.02 ,0 ,16.00 ,0.03 ,940.62,25,8,2023,12,4,36,0 
31.37 ,29.00 ,0.13 ,0.02 ,0 ,16.00 ,0.03 ,940.62,25,8,2023,12,4,36,0 
31.37 ,29.00 ,0.13 ,0.02 ,0 ,16.00 ,0.03 ,940.65,25,8,2023,12,4,36,0 
31.37 ,29.00 ,0.13 ,0.02 ,0 ,16.00 ,0.03 ,940.65,25,8,2023,12,4,36,0 
31.37 ,29.00 ,0.13 ,0.02 ,0 ,16.00 ,0.03 ,940.65,25,8,2023,12,4,36,0 
31.37 ,29.00 ,0.13 ,0.02 ,0 ,16.00 ,0.03 ,940.63,25,8,2023,12,4,36,0 
31.37 ,29.00 ,0.13 ,0.02 ,0 ,16.00 ,0.03 ,940.63,25,8,2023,12,4,36,0 
31.37 ,29.00 ,0.13 ,0.02 ,0 ,16.00 ,0.03 ,940.63,25,8,2023,12,4,36,0 
31.37 ,29.00 ,0.13 ,0.02 ,0 ,16.00 ,0.03 ,940.63,25,8,2023,12,4,36,0 
31.37 ,29.00 ,0.13 ,0.02 ,0 ,16.00 ,0.03 ,940.65,25,8,2023,12,4,36,0 
31.37 ,29.00 ,0.13 ,0.02 ,0 ,16.00 ,0.03 ,940.65,25,8,2023,12,4,36,0 
31.37 ,29.00 ,0.13 ,0.02 ,0 ,16.00 ,0.03 ,940.65,25,8,2023,12,4,36,0 
31.37 ,29.00 ,0.13 ,0.02 ,0 ,16.00 ,0.03 ,940.64,25,8,2023,12,4,36,0 
31.37 ,29.00 ,0.13 ,0.02 ,0 ,16.00 ,0.03 ,940.64,25,8,2023,12,4,36,0 
31.37 ,29.00 ,0.13 ,0.02 ,0 ,16.00 ,0.03 ,940.65,25,8,2023,12,4,37,0 
31.37 ,29.00 ,0.13 ,0.02 ,0 ,16.00 ,0.03 ,940.64,25,8,2023,12,4,37,0 
31.37 ,29.00 ,0.13 ,0.02 ,0 ,16.00 ,0.03 ,940.64,25,8,2023,12,4,37,0 
31.37 ,29.00 ,0.13 ,0.02 ,0 ,16.00 ,0.03 ,940.61,25,8,2023,12,4,37,0 
31.37 ,29.00 ,0.13 ,0.02 ,0 ,16.00 ,0.03 ,940.61,25,8,2023,12,4,37,0 
31.37 ,29.00 ,0.13 ,0.02 ,0 ,16.00 ,0.03 ,940.62,25,8,2023,12,4,37,0 
31.37 ,29.00 ,0.13 ,0.02 ,0 ,16.00 ,0.03 ,940.61,25,8,2023,12,4,37,0 
31.36 ,29.00 ,0.13 ,0.02 ,0 ,16.00 ,0.03 ,940.61,25,8,2023,12,4,37,0 
31.37 ,29.00 ,0.13 ,0.02 ,0 ,16.00 ,0.03 ,940.61,25,8,2023,12,4,37,0 
31.37 ,29.00 ,0.13 ,0.02 ,0 ,16.00 ,0.03 ,940.61,25,8,2023,12,4,37,0 
31.37 ,29.00 ,0.13 ,0.02 ,0 ,16.00 ,0.03 ,940.66,25,8,2023,12,4,37,0 
31.37 ,29.00 ,0.13 ,0.02 ,0 ,16.00 ,0.03 ,940.66,25,8,2023,12,4,37,0 
31.37 ,29.00 ,0.13 ,0.02 ,0 ,16.00 ,0.03 ,940.65,25,8,2023,12,4,37,0 
31.37 ,29.00 ,0.13 ,0.02 ,0 ,16.00 ,0.03 ,940.63,25,8,2023,12,4,37,0 
31.37 ,29.00 ,0.13 ,0.02 ,0 ,16.00 ,0.03 ,940.63,25,8,2023,12,4,37,0 
31.37 ,29.00 ,0.13 ,0.02 ,0 ,16.00 ,0.03 ,940.64,25,8,2023,12,4,37,0 
31.37 ,29.00 ,0.13 ,0.02 ,0 ,16.00 ,0.03 ,940.64,25,8,2023,12,4,37,0 
31.37 ,29.00 ,0.13 ,0.02 ,0 ,16.00 ,0.03 ,940.64,25,8,2023,12,4,38,0 
31.37 ,29.00 ,0.13 ,0.02 ,0 ,16.00 ,0.03 ,940.64,25,8,2023,12,4,38,0 
31.37 ,29.00 ,0.13 ,0.02 ,0 ,16.00 ,0.03 ,940.64,25,8,2023,12,4,38,0 
31.37 ,29.00 ,0.13 ,0.02 ,0 ,16.00 ,0.03 ,940.64,25,8,2023,12,4,38,0 
31.37 ,29.00 ,0.13 ,0.02 ,0 ,16.00 ,0.03 ,940.64,25,8,2023,12,4,38,0 
31.37 ,29.00 ,0.13 ,0.02 ,0 ,16.00 ,0.03 ,940.63,25,8,2023,12,4,38,0 
31.37 ,29.00 ,0.13 ,0.02 ,0 ,16.00 ,0.03 ,940.63,25,8,2023,12,4,38,0 
31.37 ,29.00 ,0.13 ,0.02 ,0 ,16.00 ,0.03 ,940.67,25,8,2023,12,4,38,0 
31.37 ,29.00 ,0.13 ,0.02 ,0 ,16.00 ,0.03 ,940.64,25,8,2023,12,4,38,0 
31.37 ,29.00 ,0.13 ,0.02 ,0 ,16.00 ,0.03 ,940.64,25,8,2023,12,4,38,0 
31.37 ,29.00 ,0.13 ,0.02 ,0 ,16.00 ,0.03 ,940.63,25,8,2023,12,4,38,0 
31.37 ,29.00 ,0.13 ,0.02 ,0 ,16.00 ,0.03 ,940.63,25,8,2023,12,4,38,0 
31.37 ,29.00 ,0.13 ,0.02 ,0 ,16.00 ,0.03 ,940.63,25,8,2023,12,4,38,0 
31.37 ,29.00 ,0.13 ,0.02 ,0 ,16.00 ,0.03 ,940.64,25,8,2023,12,4,38,0 
31.37 ,29.00 ,0.13 ,0.02 ,0 ,16.00 ,0.03 ,940.64,25,8,2023,12,4,38,0 
31.37 ,29.00 ,0.13 ,0.02 ,0 ,16.00 ,0.03 ,940.62,25,8,2023,12,4,38,0 
31.37 ,29.00 ,0.13 ,0.02 ,0 ,16.00 ,0.03 ,940.62,25,8,2023,12,4,38,0 
31.37 ,29.00 ,0.13 ,0.02 ,0 ,16.00 ,0.03 ,940.63,25,8,2023,12,4,38,0 
31.37 ,29.00 ,0.13 ,0.02 ,0 ,16.00 ,0.03 ,940.59,25,8,2023,12,4,39,0 
31.37 ,29.00 ,0.13 ,0.02 ,0 ,16.00 ,0.03 ,940.59,25,8,2023,12,4,39,0 
31.37 ,29.00 ,0.13 ,0.02 ,0 ,16.00 ,0.03 ,940.64,25,8,2023,12,4,39,0 
31.37 ,29.00 ,0.13 ,0.02 ,0 ,16.00 ,0.03 ,940.64,25,8,2023,12,4,39,0 
31.37 ,29.00 ,0.13 ,0.02 ,0 ,16.00 ,0.03 ,940.63,25,8,2023,12,4,39,0 
31.37 ,29.00 ,0.13 ,0.02 ,0 ,16.00 ,0.03 ,940.63,25,8,2023,12,4,39,0 
31.37 ,29.00 ,0.13 ,0.02 ,0 ,16.00 ,0.03 ,940.63,25,8,2023,12,4,39,0 
31.37 ,29.00 ,0.13 ,0.02 ,0 ,16.00 ,0.03 ,940.62,25,8,2023,12,4,39,0 
31.37 ,29.00 ,0.13 ,0.02 ,0 ,16.00 ,0.03 ,940.62,25,8,2023,12,4,39,0 
31.37 ,29.00 ,0.13 ,0.02 ,0 ,16.00 ,0.03 ,940.62,25,8,2023,12,4,39,0 
31.37 ,29.00 ,0.13 ,0.02 ,0 ,16.00 ,0.03 ,940.62,25,8,2023,12,4,39,0 
31.37 ,29.00 ,0.13 ,0.02 ,0 ,16.00 ,0.03 ,940.60,25,8,2023,12,4,39,0 
31.37 ,29.00 ,0.13 ,0.02 ,0 ,16.00 ,0.03 ,940.63,25,8,2023,12,4,39,0 
31.37 ,29.00 ,0.13 ,0.02 ,0 ,16.00 ,0.03 ,940.63,25,8,2023,12,4,39,0 
31.37 ,29.00 ,0.13 ,0.02 ,0 ,16.00 ,0.03 ,940.63,25,8,2023,12,4,39,0 
31.37 ,29.00 ,0.13 ,0.02 ,0 ,16.00 ,0.03 ,940.63,25,8,2023,12,4,39,0 
31.37 ,29.00 ,0.13 ,0.02 ,0 ,16.00 ,0.03 ,940.61,25,8,2023,12,4,39,0 
31.37 ,29.00 ,0.13 ,0.02 ,0 ,16.00 ,0.03 ,940.63,25,8,2023,12,4,40,0 
31.37 ,29.00 ,0.13 ,0.02 ,0 ,16.00 ,0.03 ,940.63,25,8,2023,12,4,40,0 
31.37 ,29.00 ,0.13 ,0.02 ,0 ,16.00 ,0.03 ,940.61,25,8,2023,12,4,40,0 
31.37 ,29.00 ,0.13 ,0.02 ,0 ,16.00 ,0.03 ,940.61,25,8,2023,12,4,40,0 
31.37 ,29.00 ,0.13 ,0.02 ,0 ,16.00 ,0.03 ,940.62,25,8,2023,12,4,40,0 
31.37 ,29.00 ,0.13 ,0.02 ,0 ,16.00 ,0.03 ,940.62,25,8,2023,12,4,40,0 
31.37 ,29.00 ,0.13 ,0.02 ,0 ,16.00 ,0.03 ,940.61,25,8,2023,12,4,40,0 
31.37 ,29.00 ,0.13 ,0.02 ,0 ,16.00 ,0.03 ,940.62,25,8,2023,12,4,40,0 
31.37 ,29.00 ,0.13 ,0.02 ,0 ,16.00 ,0.03 ,940.62,25,8,2023,12,4,40,0 
31.37 ,29.00 ,0.13 ,0.02 ,0 ,16.00 ,0.03 ,940.62,25,8,2023,12,4,40,0 
31.37 ,29.00 ,0.13 ,0.02 ,0 ,16.00 ,0.03 ,940.62,25,8,2023,12,4,40,0 
31.36 ,29.00 ,0.13 ,0.02 ,0 ,16.00 ,0.03 ,940.63,25,8,2023,12,4,40,0 
31.37 ,29.00 ,0.13 ,0.02 ,0 ,16.00 ,0.03 ,940.62,25,8,2023,12,4,40,0 
31.37 ,29.00 ,0.13 ,0.02 ,0 ,16.00 ,0.03 ,940.62,25,8,2023,12,4,40,0 
31.36 ,29.00 ,0.13 ,0.02 ,0 ,16.00 ,0.03 ,940.61,25,8,2023,12,4,40,0 
31.36 ,29.00 ,0.13 ,0.02 ,0 ,16.00 ,0.03 ,940.61,25,8,2023,12,4,40,0 
31.37 ,29.00 ,0.13 ,0.02 ,0 ,16.00 ,0.03 ,940.60,25,8,2023,12,4,40,0 
31.37 ,29.00 ,0.13 ,0.02 ,0 ,16.00 ,0.03 ,940.60,25,8,2023,12,4,40,0 
31.37 ,29.00 ,0.13 ,0.02 ,0 ,16.00 ,0.03 ,940.62,25,8,2023,12,4,41,0 
31.36 ,29.00 ,0.13 ,0.02 ,0 ,16.00 ,0.03 ,940.61,25,8,2023,12,4,41,0 
31.36 ,29.00 ,0.13 ,0.02 ,0 ,16.00 ,0.03 ,940.61,25,8,2023,12,4,41,0 
31.37 ,29.00 ,0.13 ,0.02 ,0 ,16.00 ,0.03 ,940.61,25,8,2023,12,4,41,0 
31.37 ,29.00 ,0.13 ,0.02 ,0 ,16.00 ,0.03 ,940.61,25,8,2023,12,4,41,0 
31.37 ,29.00 ,0.13 ,0.02 ,0 ,16.00 ,0.03 ,940.59,25,8,2023,12,4,41,0 
31.37 ,29.00 ,0.13 ,0.02 ,0 ,16.00 ,0.03 ,940.62,25,8,2023,12,4,41,0 
31.37 ,29.00 ,0.13 ,0.02 ,0 ,16.00 ,0.03 ,940.62,25,8,2023,12,4,41,0 
31.37 ,29.00 ,0.13 ,0.02 ,0 ,16.00 ,0.03 ,940.60,25,8,2023,12,4,41,0 
31.37 ,29.00 ,0.13 ,0.02 ,0 ,16.00 ,0.03 ,940.60,25,8,2023,12,4,41,0 
